trialId,targType,couleur,is_target
1,L,Rouge,1
2,X,Rouge,1
3,L,Rouge,1
4,L,Rouge,1
5,X,Rouge,1
6,L,Rouge,1
7,X,Vert,1
8,L,Vert,1
9,X,Vert,1
10,X,Vert,1
11,X,Rouge,1
12,L,Rouge,1
13,L,Rouge,1
14,X,Rouge,1
15,L,Rouge,1
16,L,Rouge,1
17,X,Rouge,1
18,L,Rouge,1
19,X,Rouge,1
20,L,Rouge,1
21,X,Vert,1
22,X,Vert,1
23,X,Rouge,1
24,L,Rouge,1
25,L,Rouge,1
26,X,Rouge,1
27,L,Vert,1
28,L,Vert,1
29,X,Rouge,1
30,L,Vert,1
31,X,Vert,1
32,L,Rouge,1
33,X,Vert,1
34,X,Vert,1
35,X,Rouge,1
36,L,Vert,1
37,L,Vert,1
38,L,Vert,1
39,X,Vert,1
40,L,Rouge,1
41,X,Vert,1
42,L,Vert,1
43,X,Vert,1
44,L,Rouge,1
45,X,Rouge,1
46,L,Vert,1
47,X,Vert,1
48,X,Vert,1
49,X,Rouge,1
50,L,Rouge,1
51,L,Vert,1
52,X,Vert,1
53,L,Vert,1
54,L,Vert,1
55,X,Rouge,1
56,L,Rouge,1
57,X,Rouge,1
58,X,Rouge,1
59,X,Rouge,1
60,L,Vert,1
61,L,Rouge,1
62,L,Vert,1
63,X,Vert,1
64,X,Vert,1
65,L,Rouge,1
66,L,Rouge,1
67,L,Rouge,1
68,L,Rouge,1
69,X,Vert,1
70,X,Rouge,1
71,L,Vert,1
72,X,Vert,1
73,L,Vert,1
74,L,Vert,1
75,X,Vert,1
76,X,Rouge,1
77,X,Vert,1
78,X,Vert,1
79,X,Vert,1
80,X,Rouge,1
81,X,Rouge,1
82,L,Vert,1
83,L,Rouge,1
84,L,Rouge,1
85,X,Rouge,1
86,L,Vert,1
87,L,Vert,1
88,L,Rouge,1
89,X,Vert,1
90,X,Rouge,1
91,L,Vert,1
92,X,Vert,1
93,X,Rouge,1
94,L,Rouge,1
95,L,Vert,1
96,L,Rouge,1
97,X,Vert,1
98,L,Rouge,1
99,L,Vert,1
100,L,Rouge,1
101,X,Rouge,1
102,L,Rouge,1
103,X,Vert,1
104,L,Rouge,1
105,X,Rouge,1
106,X,Vert,1
107,X,Vert,1
108,X,Vert,1
109,X,Rouge,1
110,L,Rouge,1
111,L,Rouge,1
112,X,Rouge,1
113,X,Vert,1
114,X,Vert,1
115,L,Rouge,1
116,L,Vert,1
117,X,Rouge,1
118,X,Rouge,1
119,L,Rouge,1
120,L,Vert,1
121,X,Rouge,1
122,L,Rouge,1
123,X,Vert,1
124,L,Vert,1
125,X,Rouge,1
126,X,Vert,1
127,X,Vert,1
128,L,Vert,1
129,L,Rouge,1
130,L,Rouge,1
131,X,Vert,1
132,L,Rouge,1
133,X,Rouge,1
134,L,Rouge,1
135,X,Rouge,1
136,X,Vert,1
137,L,Vert,1
138,L,Rouge,1
139,X,Vert,1
140,X,Rouge,1
141,X,Rouge,1
142,L,Rouge,1
143,X,Rouge,1
144,L,Vert,1
145,L,Vert,1
146,X,Vert,1
147,L,Vert,1
148,X,Rouge,1
149,L,Vert,1
150,L,Rouge,1
151,L,Vert,1
152,L,Rouge,1
153,X,Vert,1
154,X,Vert,1
155,X,Vert,1
156,L,Vert,1
157,L,Rouge,1
158,L,Vert,1
159,L,Rouge,1
160,X,Vert,1
161,L,Rouge,1
162,L,Vert,1
163,X,Rouge,1
164,X,Vert,1
165,L,Rouge,1
166,X,Rouge,1
167,X,Vert,1
168,X,Vert,1
169,X,Vert,1
170,L,Vert,1
171,L,Rouge,1
172,L,Rouge,1
173,X,Vert,1
174,L,Vert,1
175,L,Rouge,1
176,X,Vert,1
177,X,Vert,1
178,X,Vert,1
179,L,Rouge,1
180,X,Rouge,1
181,L,Rouge,1
182,X,Vert,1
183,X,Vert,1
184,L,Vert,1
185,L,Vert,1
186,X,Rouge,1
187,L,Rouge,1
188,L,Vert,1
189,X,Rouge,1
190,L,Rouge,1
191,X,Rouge,1
192,X,Rouge,1
193,X,Vert,1
194,L,Vert,1
195,L,Vert,1
196,X,Vert,1
197,L,Vert,1
198,L,Vert,1
199,X,Rouge,1
200,L,Vert,1
201,L,Vert,1
202,L,Vert,1
203,X,Rouge,1
204,X,Rouge,1
205,X,Rouge,1
206,L,Vert,1
207,L,Vert,1
208,X,Rouge,1
209,X,Vert,1
210,X,Rouge,1
211,L,Vert,1
212,X,Rouge,1
213,X,Vert,1
214,L,Vert,1
215,X,Rouge,1
216,X,Rouge,1
217,L,Vert,1
218,X,Vert,1
219,X,Rouge,1
220,L,Rouge,1
221,L,Rouge,1
222,L,Rouge,1
223,L,Vert,1
224,L,Rouge,1
225,L,Rouge,1
226,X,Rouge,1
227,X,Vert,1
228,X,Vert,1
229,L,Rouge,1
230,X,Vert,1
231,X,Vert,1
232,L,Vert,1
233,X,Rouge,1
234,X,Rouge,1
235,X,Rouge,1
236,X,Vert,1
237,L,Vert,1
238,X,Vert,1
239,L,Rouge,1
240,X,Rouge,1
241,L,Vert,1
242,L,Vert,1
243,L,Rouge,1
244,X,Vert,1
245,L,Vert,1
246,L,Vert,1
247,X,Rouge,1
248,X,Rouge,1
249,L,Rouge,1
250,X,Rouge,1
251,L,Vert,1
252,X,Vert,1
253,L,Rouge,1
254,L,Rouge,1
255,L,Rouge,1
256,L,Rouge,1
257,X,Vert,1
258,X,Vert,1
259,X,Vert,1
260,X,Vert,1
261,L,Vert,1
262,L,Vert,1
263,L,Rouge,1
264,X,Vert,1
265,X,Rouge,1
266,L,Vert,1
267,X,Vert,1
268,L,Rouge,1
269,X,Rouge,1
270,L,Vert,1
271,L,Vert,1
272,L,Vert,1
273,X,Vert,1
274,L,Rouge,1
275,X,Vert,1
276,X,Vert,1
277,X,Vert,1
278,X,Vert,1
279,L,Rouge,1
280,L,Rouge,1
281,L,Rouge,1
282,X,Rouge,1
283,L,Vert,1
284,X,Rouge,1
285,L,Rouge,1
286,X,Vert,1
287,L,Vert,1
288,X,Rouge,1
289,X,Vert,1
290,L,Vert,1
291,X,Rouge,1
292,L,Rouge,1
293,X,Rouge,1
294,L,Rouge,1
295,L,Vert,1
296,X,Vert,1
297,X,Vert,1
298,L,Rouge,1
299,X,Vert,1
300,L,Vert,1
301,X,Vert,1
302,L,Rouge,1
303,X,Rouge,1
304,X,Vert,1
305,L,Vert,1
306,X,Vert,1
307,L,Vert,1
308,L,Rouge,1
309,L,Vert,1
310,X,Rouge,1
311,X,Vert,1
312,L,Rouge,1
313,X,Rouge,1
314,X,Rouge,1
315,L,Vert,1
316,L,Vert,1
317,X,Rouge,1
318,X,Rouge,1
319,L,Vert,1
320,L,Vert,1
321,L,Vert,1
322,X,Rouge,1
323,L,Vert,1
324,L,Vert,1
325,X,Rouge,1
326,X,Vert,1
327,X,Vert,1
328,L,Vert,1
329,L,Vert,1
330,X,Rouge,1
331,X,Vert,1
332,X,Rouge,1
333,L,Rouge,1
334,X,Vert,1
335,L,Rouge,1
336,L,Rouge,1
337,X,Vert,1
338,L,Vert,1
339,L,Vert,1
340,X,Vert,1
341,L,Vert,1
342,X,Rouge,1
343,L,Rouge,1
344,X,Rouge,1
345,L,Rouge,1
346,L,Vert,1
347,X,Vert,1
348,X,Rouge,1
349,X,Vert,1
350,L,Vert,1
351,L,Rouge,1
352,X,Rouge,1
353,L,Vert,1
354,X,Vert,1
355,L,Vert,1
356,X,Rouge,1
357,L,Rouge,1
358,L,Vert,1
359,X,Vert,1
360,X,Vert,1
361,X,Rouge,1
362,L,Rouge,1
363,X,Vert,1
364,X,Vert,1
365,X,Rouge,1
366,L,Rouge,1
367,L,Rouge,1
368,L,Vert,1
369,L,Vert,1
370,X,Vert,1
371,L,Vert,1
372,X,Rouge,1
373,X,Rouge,1
374,X,Rouge,1
375,X,Rouge,1
376,L,Rouge,1
377,X,Rouge,1
378,L,Vert,1
379,L,Rouge,1
380,X,Rouge,1
381,X,Rouge,1
382,X,Rouge,1
383,X,Vert,1
384,X,Vert,1
385,X,Rouge,1
386,X,Vert,1
387,X,Vert,1
388,L,Vert,1
389,L,Rouge,1
390,X,Vert,1
391,L,Vert,1
392,L,Rouge,1
393,L,Rouge,1
394,L,Vert,1
395,L,Vert,1
396,L,Vert,1
397,X,Vert,1
398,L,Rouge,1
399,X,Vert,1
400,X,Rouge,1
401,L,Vert,1
402,X,Vert,1
403,L,Vert,1
404,L,Rouge,1
405,L,Vert,1
406,L,Rouge,1
407,X,Rouge,1
408,L,Rouge,1
409,X,Vert,1
410,X,Vert,1
411,L,Vert,1
412,X,Vert,1
413,X,Vert,1
414,X,Vert,1
415,L,Rouge,1
416,X,Vert,1
417,L,Rouge,1
418,X,Rouge,1
419,L,Rouge,1
420,X,Rouge,1
421,L,Rouge,1
422,L,Vert,1
423,L,Vert,1
424,X,Rouge,1
425,L,Rouge,1
426,L,Vert,1
427,L,Rouge,1
428,X,Rouge,1
429,L,Vert,1
430,L,Rouge,1
431,L,Rouge,1
432,X,Rouge,1
433,L,Rouge,1
434,X,Vert,1
435,X,Rouge,1
436,L,Vert,1
437,X,Vert,1
438,L,Vert,1
439,X,Vert,1
440,L,Vert,1
441,X,Rouge,1
442,L,Rouge,1
443,X,Vert,1
444,X,Rouge,1
445,X,Vert,1
446,L,Rouge,1
447,L,Rouge,1
448,X,Vert,1
449,L,Vert,1
450,X,Vert,1
451,X,Rouge,1
452,L,Rouge,1
453,X,Vert,1
454,X,Rouge,1
455,X,Rouge,1
456,X,Rouge,1
457,L,Vert,1
458,L,Rouge,1
459,X,Rouge,1
460,L,Vert,1
461,X,Vert,1
462,L,Rouge,1
463,X,Vert,1
464,L,Rouge,1
465,L,Rouge,1
466,L,Rouge,1
467,X,Vert,1
468,X,Rouge,1
469,X,Vert,1
470,L,Vert,1
471,L,Vert,1
472,L,Vert,1
473,L,Rouge,1
474,L,Rouge,1
475,X,Rouge,1
476,L,Vert,1
477,X,Rouge,1
478,L,Vert,1
479,X,Vert,1
480,X,Vert,1
481,X,Vert,1
482,L,Vert,1
483,X,Rouge,1
484,X,Rouge,1
485,X,Rouge,1
486,L,Vert,1
487,X,Vert,1
488,L,Rouge,1
489,X,Rouge,1
490,X,Rouge,1
491,X,Rouge,1
492,X,Vert,1
493,L,Vert,1
494,X,Rouge,1
495,X,Rouge,1
496,X,Rouge,1
497,L,Vert,1
498,L,Vert,1
499,L,Vert,1
500,X,Vert,1
501,X,Vert,1
502,L,Rouge,1
503,X,Vert,1
504,L,Vert,1
505,L,Vert,1
506,L,Rouge,1
507,L,Rouge,1
508,L,Vert,1
509,L,Rouge,1
510,X,Rouge,1
511,X,Rouge,1
512,X,Vert,1
513,L,Rouge,1
514,L,Rouge,1
515,L,Vert,1
516,L,Vert,1
517,X,Vert,1
518,L,Vert,1
519,X,Rouge,1
520,X,Rouge,1
521,L,Vert,1
522,X,Vert,1
523,L,Rouge,1
524,X,Vert,1
525,L,Vert,1
526,L,Vert,1
527,X,Vert,1
528,X,Rouge,1
529,X,Rouge,1
530,L,Rouge,1
531,L,Vert,1
532,X,Vert,1
533,X,Vert,1
534,L,Rouge,1
535,X,Vert,1
536,X,Rouge,1
537,L,Vert,1
538,L,Rouge,1
539,X,Rouge,1
540,L,Vert,1
541,L,Vert,1
542,X,Rouge,1
543,L,Rouge,1
544,X,Rouge,1
545,X,Vert,1
546,X,Rouge,1
547,L,Vert,1
548,X,Vert,1
549,L,Vert,1
550,L,Vert,1
551,L,Rouge,1
552,L,Vert,1
553,L,Rouge,1
554,L,Vert,1
555,X,Rouge,1
556,X,Vert,1
557,X,Vert,1
558,X,Rouge,1
559,X,Vert,1
560,X,Rouge,1
561,L,Rouge,1
562,L,Vert,1
563,L,Rouge,1
564,X,Rouge,1
565,L,Rouge,1
566,L,Rouge,1
567,L,Rouge,1
568,X,Vert,1
569,L,Vert,1
570,L,Vert,1
571,X,Vert,1
572,X,Rouge,1
573,X,Rouge,1
574,L,Vert,1
575,X,Vert,1
576,L,Vert,1
577,L,Vert,1
578,X,Vert,1
579,X,Rouge,1
580,L,Vert,1
581,X,Vert,1
582,L,Rouge,1
583,L,Vert,1
584,L,Rouge,1
585,L,Vert,1
586,X,Rouge,1
587,X,Rouge,1
588,X,Rouge,1
589,X,Rouge,1
590,L,Vert,1
591,L,Rouge,1
592,L,Rouge,1
593,L,Rouge,1
594,X,Vert,1
595,X,Vert,1
596,L,Vert,1
597,X,Vert,1
598,L,Rouge,1
599,L,Vert,1
600,X,Rouge,1
601,L,Rouge,1
602,X,Rouge,1
603,L,Vert,1
604,X,Vert,1
605,X,Rouge,1
606,X,Vert,1
607,X,Rouge,1
608,L,Vert,1
609,L,Rouge,1
610,X,Rouge,1
611,L,Rouge,1
612,L,Rouge,1
613,X,Rouge,1
614,L,Vert,1
615,L,Rouge,1
616,L,Vert,1
617,X,Rouge,1
618,X,Rouge,1
619,L,Rouge,1
620,X,Rouge,1
621,L,Vert,1
622,X,Vert,1
623,X,Vert,1
624,X,Rouge,1
625,X,Vert,1
626,L,Vert,1
627,X,Vert,1
628,X,Vert,1
629,L,Vert,1
630,X,Rouge,1
631,L,Rouge,1
632,X,Vert,1
633,L,Vert,1
634,X,Vert,1
635,L,Rouge,1
636,X,Vert,1
637,L,Rouge,1
638,L,Vert,1
639,X,Rouge,1
640,X,Vert,1
641,X,Rouge,1
642,X,Vert,1
643,X,Rouge,1
644,L,Rouge,1
645,L,Rouge,1
646,L,Vert,1
647,L,Rouge,1
648,X,Rouge,1
649,X,Vert,1
650,L,Rouge,1
651,L,Rouge,1
652,X,Vert,1
653,L,Rouge,1
654,X,Vert,1
655,L,Rouge,1
656,L,Rouge,1
657,X,Vert,1
658,L,Rouge,1
659,L,Rouge,1
660,X,Vert,1
661,X,Rouge,1
662,X,Rouge,1
663,L,Rouge,1
664,L,Vert,1
665,X,Rouge,1
666,X,Vert,1
667,L,Vert,1
668,L,Vert,1
669,X,Rouge,1
670,X,Rouge,1
671,L,Vert,1
672,L,Rouge,1
673,L,Vert,1
674,X,Vert,1
675,X,Rouge,1
676,X,Vert,1
677,L,Vert,1
678,L,Vert,1
679,L,Vert,1
680,X,Vert,1
681,X,Vert,1
682,L,Rouge,1
683,X,Vert,1
684,L,Rouge,1
685,X,Vert,1
686,L,Vert,1
687,L,Rouge,1
688,X,Rouge,1
689,L,Rouge,1
690,X,Vert,1
691,L,Vert,1
692,X,Vert,1
693,L,Vert,1
694,X,Vert,1
695,L,Vert,1
696,L,Rouge,1
697,X,Rouge,1
698,X,Vert,1
699,L,Vert,1
700,L,Rouge,1
701,X,Rouge,1
702,L,Vert,1
703,X,Rouge,1
704,X,Vert,1
705,X,Vert,1
706,L,Vert,1
707,L,Rouge,1
708,X,Rouge,1
709,X,Rouge,1
710,L,Vert,1
711,L,Rouge,1
712,L,Vert,1
713,X,Vert,1
714,X,Rouge,1
715,X,Rouge,1
716,L,Rouge,1
717,L,Rouge,1
718,L,Vert,1
719,X,Rouge,1
720,X,Vert,1
721,X,Vert,1
722,X,Vert,1
723,L,Rouge,1
724,L,Vert,1
725,L,Vert,1
726,L,Rouge,1
727,L,Vert,1
728,L,Rouge,1
729,X,Rouge,1
730,X,Vert,1
731,X,Rouge,1
732,L,Vert,1
733,L,Vert,1
734,L,Vert,1
735,L,Rouge,1
736,X,Vert,1
737,X,Vert,1
738,X,Vert,1
739,X,Vert,1
740,L,Vert,1
741,X,Rouge,1
742,L,Vert,1
743,X,Rouge,1
744,X,Rouge,1
745,L,Vert,1
746,X,Rouge,1
747,L,Vert,1
748,L,Rouge,1
749,L,Vert,1
750,X,Vert,1
751,L,Rouge,1
752,X,Rouge,1
753,L,Vert,1
754,X,Rouge,1
755,X,Vert,1
756,X,Rouge,1
757,L,Vert,1
758,L,Rouge,1
759,X,Rouge,1
760,X,Vert,1
761,X,Rouge,1
762,L,Rouge,1
763,X,Vert,1
764,L,Vert,1
765,L,Rouge,1
766,L,Vert,1
767,L,Vert,1
768,X,Vert,1
769,X,Rouge,1
770,X,Rouge,1
771,X,Rouge,1
772,L,Rouge,1
773,X,Rouge,1
774,L,Rouge,1
775,L,Rouge,1
776,L,Vert,1
777,L,Vert,1
778,L,Vert,1
779,L,Rouge,1
780,X,Rouge,1
781,X,Rouge,1
782,X,Rouge,1
783,X,Vert,1
784,L,Rouge,1
785,X,Vert,1
786,X,Vert,1
787,L,Vert,1
788,X,Rouge,1
789,X,Rouge,1
790,L,Rouge,1
791,L,Rouge,1
792,X,Vert,1
793,L,Rouge,1
794,L,Rouge,1
795,X,Rouge,1
796,X,Rouge,1
797,X,Rouge,1
798,L,Vert,1
799,X,Rouge,1
800,X,Rouge,1
801,X,Vert,1
802,L,Rouge,1
803,X,Rouge,1
804,L,Rouge,1
805,L,Rouge,1
806,L,Vert,1
807,L,Vert,1
808,L,Rouge,1
809,L,Vert,1
810,L,Rouge,1
811,L,Vert,1
812,L,Vert,1
813,X,Rouge,1
814,X,Vert,1
815,L,Vert,1
816,X,Vert,1
817,X,Vert,1
818,L,Vert,1
819,X,Vert,1
820,X,Rouge,1
821,X,Vert,1
822,X,Rouge,1
823,L,Rouge,1
824,X,Rouge,1
825,L,Vert,1
826,L,Vert,1
827,X,Rouge,1
828,X,Rouge,1
829,X,Vert,1
830,L,Vert,1
831,L,Vert,1
832,X,Rouge,1
833,X,Vert,1
834,L,Vert,1
835,L,Vert,1
836,X,Rouge,1
837,X,Rouge,1
838,L,Rouge,1
839,L,Rouge,1
840,X,Vert,1
841,X,Rouge,1
842,X,Rouge,1
843,L,Rouge,1
844,L,Vert,1
845,L,Rouge,1
846,L,Vert,1
847,L,Vert,1
848,X,Vert,1
849,X,Vert,1
850,X,Vert,1
851,L,Rouge,1
852,X,Rouge,1
853,L,Vert,1
854,L,Vert,1
855,L,Vert,1
856,X,Vert,1
857,L,Rouge,1
858,X,Rouge,1
859,X,Rouge,1
860,X,Vert,1
861,X,Vert,1
862,X,Vert,1
863,L,Vert,1
864,L,Rouge,1
865,X,Rouge,1
866,X,Vert,1
867,L,Rouge,1
868,X,Vert,1
869,L,Rouge,1
870,L,Vert,1
871,X,Vert,1
872,L,Vert,1
873,L,Rouge,1
874,L,Rouge,1
875,X,Rouge,1
876,X,Vert,1
877,L,Rouge,1
878,L,Vert,1
879,L,Vert,1
880,X,Rouge,1
881,X,Rouge,1
882,L,Rouge,1
883,X,Rouge,1
884,X,Vert,1
885,L,Rouge,1
886,L,Vert,1
887,L,Rouge,1
888,X,Rouge,1
889,X,Rouge,1
890,X,Rouge,1
891,X,Rouge,1
892,L,Vert,1
893,X,Vert,1
894,X,Vert,1
895,L,Vert,1
896,L,Vert,1
897,L,Rouge,1
898,X,Rouge,1
899,X,Rouge,1
900,L,Rouge,1
901,X,Rouge,1
902,X,Rouge,1
903,X,Rouge,1
904,X,Rouge,1
905,X,Rouge,1
906,L,Rouge,1
907,L,Rouge,1
908,X,Rouge,1
909,L,Vert,1
910,L,Rouge,1
911,X,Rouge,1
912,X,Rouge,1
913,L,Vert,1
914,X,Vert,1
915,X,Vert,1
916,L,Rouge,1
917,X,Vert,1
918,X,Rouge,1
919,L,Rouge,1
920,L,Vert,1
921,X,Vert,1
922,X,Rouge,1
923,L,Rouge,1
924,X,Vert,1
925,L,Rouge,1
926,X,Rouge,1
927,X,Rouge,1
928,X,Rouge,1
929,L,Vert,1
930,L,Vert,1
931,L,Vert,1
932,L,Vert,1
933,L,Rouge,1
934,L,Rouge,1
935,L,Rouge,1
936,L,Rouge,1
937,L,Vert,1
938,L,Vert,1
939,L,Rouge,1
940,X,Rouge,1
941,X,Rouge,1
942,X,Vert,1
943,X,Rouge,1
944,X,Rouge,1
945,X,Rouge,1
946,X,Vert,1
947,L,Rouge,1
948,L,Vert,1
949,L,Vert,1
950,X,Rouge,1
951,L,Vert,1
952,X,Vert,1
953,L,Rouge,1
954,X,Vert,1
955,L,Vert,1
956,L,Vert,1
957,L,Vert,1
958,X,Vert,1
959,L,Rouge,1
960,X,Rouge,1
961,X,Rouge,1
962,X,Rouge,1
963,L,Vert,1
964,X,Rouge,1
965,X,Vert,1
966,X,Vert,1
967,L,Vert,1
968,X,Vert,1
969,L,Rouge,1
970,L,Rouge,1
971,L,Vert,1
972,L,Rouge,1
973,L,Vert,1
974,X,Rouge,1
975,L,Rouge,1
976,L,Rouge,1
977,X,Vert,1
978,L,Vert,1
979,L,Vert,1
980,X,Vert,1
981,X,Vert,1
982,L,Rouge,1
983,X,Vert,1
984,X,Rouge,1
985,L,Rouge,1
986,X,Vert,1
987,L,Vert,1
988,L,Rouge,1
989,X,Vert,1
990,L,Vert,1
991,L,Rouge,1
992,X,Rouge,1
993,X,Vert,1
994,L,Vert,1
995,X,Rouge,1
996,X,Rouge,1
997,L,Vert,1
998,L,Vert,1
999,X,Rouge,1
1000,X,Rouge,1
1001,X,Vert,1
1002,X,Vert,1
1003,L,Vert,1
1004,L,Vert,1
1005,L,Vert,1
1006,X,Rouge,1
1007,X,Rouge,1
1008,L,Vert,1
1009,X,Vert,1
1010,X,Rouge,1
1011,X,Vert,1
1012,X,Rouge,1
1013,L,Rouge,1
1014,L,Vert,1
1015,L,Rouge,1
1016,L,Vert,1
1017,L,Vert,1
1018,X,Vert,1
1019,L,Vert,1
1020,L,Rouge,1
1021,X,Rouge,1
1022,L,Rouge,1
1023,X,Rouge,1
1024,X,Rouge,1
1025,L,Rouge,1
1026,L,Vert,1
1027,X,Rouge,1
1028,X,Rouge,1
1029,L,Vert,1
1030,L,Rouge,1
1031,L,Rouge,1
1032,L,Vert,1
1033,X,Vert,1
1034,L,Vert,1
1035,L,Rouge,1
1036,X,Rouge,1
1037,X,Vert,1
1038,X,Vert,1
1039,X,Rouge,1
1040,X,Rouge,1
1041,X,Rouge,1
1042,X,Rouge,1
1043,L,Vert,1
1044,L,Vert,1
1045,L,Vert,1
1046,L,Vert,1
1047,X,Vert,1
1048,L,Vert,1
1049,L,Vert,1
1050,L,Vert,1
1051,L,Vert,1
1052,L,Rouge,1
1053,X,Rouge,1
1054,L,Rouge,1
1055,L,Rouge,1
1056,L,Vert,1
1057,L,Rouge,1
1058,X,Rouge,1
1059,X,Vert,1
1060,X,Rouge,1
1061,X,Rouge,1
1062,L,Rouge,1
1063,L,Rouge,1
1064,X,Rouge,1
1065,X,Rouge,1
1066,X,Vert,1
1067,X,Vert,1
1068,L,Vert,1
1069,X,Rouge,1
1070,X,Rouge,1
1071,X,Rouge,1
1072,L,Rouge,1
1073,X,Vert,1
1074,X,Vert,1
1075,L,Rouge,1
1076,L,Rouge,1
1077,X,Vert,1
1078,X,Vert,1
1079,X,Vert,1
1080,L,Rouge,1
1081,X,Vert,1
1082,X,Vert,1
1083,X,Vert,1
1084,X,Vert,1
1085,X,Rouge,1
1086,L,Rouge,1
1087,L,Rouge,1
1088,X,Rouge,1
1089,L,Vert,1
1090,L,Vert,1
1091,X,Rouge,1
1092,X,Vert,1
1093,L,Rouge,1
1094,L,Vert,1
1095,L,Rouge,1
1096,L,Vert,1
1097,L,Rouge,1
1098,X,Vert,1
1099,X,Vert,1
1100,L,Vert,1
1101,X,Rouge,1
1102,L,Vert,1
1103,X,Rouge,1
1104,X,Rouge,1
1105,L,Vert,1
1106,L,Vert,1
1107,L,Vert,1
1108,X,Vert,1
1109,X,Vert,1
1110,X,Rouge,1
1111,L,Rouge,1
1112,L,Rouge,1
1113,X,Vert,1
1114,L,Rouge,1
1115,L,Rouge,1
1116,X,Vert,1
1117,X,Rouge,1
1118,L,Vert,1
1119,X,Vert,1
1120,X,Vert,1
1121,X,Vert,1
1122,L,Vert,1
1123,X,Rouge,1
1124,X,Rouge,1
1125,L,Rouge,1
1126,X,Vert,1
1127,X,Vert,1
1128,L,Rouge,1
1129,L,Rouge,1
1130,X,Vert,1
1131,L,Rouge,1
1132,X,Vert,1
1133,X,Vert,1
1134,X,Vert,1
1135,L,Vert,1
1136,L,Rouge,1
1137,L,Vert,1
1138,L,Vert,1
1139,X,Rouge,1
1140,X,Rouge,1
1141,L,Vert,1
1142,X,Vert,1
1143,L,Rouge,1
1144,L,Rouge,1
1145,X,Vert,1
1146,L,Rouge,1
1147,L,Rouge,1
1148,X,Vert,1
1149,L,Rouge,1
1150,L,Rouge,1
1151,X,Rouge,1
1152,L,Rouge,1
1153,X,Rouge,1
1154,L,Rouge,1
1155,X,Vert,1
1156,X,Rouge,1
1157,L,Vert,1
1158,X,Rouge,1
1159,X,Vert,1
1160,X,Rouge,1
1161,L,Vert,1
1162,L,Rouge,1
1163,X,Vert,1
1164,L,Vert,1
1165,L,Vert,1
1166,L,Vert,1
1167,X,Vert,1
1168,X,Vert,1
1169,L,Rouge,1
1170,L,Vert,1
1171,X,Vert,1
1172,X,Rouge,1
1173,L,Rouge,1
1174,X,Rouge,1
1175,X,Rouge,1
1176,L,Vert,1
1177,L,Vert,1
1178,L,Vert,1
1179,X,Vert,1
1180,L,Rouge,1
1181,X,Vert,1
1182,L,Vert,1
1183,X,Vert,1
1184,L,Rouge,1
1185,X,Vert,1
1186,L,Rouge,1
1187,X,Vert,1
1188,L,Vert,1
1189,X,Vert,1
1190,L,Vert,1
1191,L,Vert,1
1192,X,Rouge,1
1193,X,Vert,1
1194,L,Rouge,1
1195,L,Rouge,1
1196,X,Rouge,1
1197,L,Vert,1
1198,X,Vert,1
1199,L,Rouge,1
1200,L,Vert,1
1201,X,Rouge,1
1202,X,Rouge,1
1203,X,Rouge,1
1204,X,Rouge,1
1205,X,Vert,1
1206,L,Vert,1
1207,L,Vert,1
1208,L,Vert,1
1209,X,Rouge,1
1210,X,Vert,1
1211,L,Rouge,1
1212,X,Vert,1
1213,X,Vert,1
1214,L,Vert,1
1215,X,Vert,1
1216,L,Vert,1
1217,X,Vert,1
1218,L,Vert,1
1219,L,Vert,1
1220,L,Vert,1
1221,X,Vert,1
1222,X,Rouge,1
1223,L,Rouge,1
1224,L,Vert,1
1225,L,Rouge,1
1226,L,Vert,1
1227,X,Rouge,1
1228,X,Vert,1
1229,X,Rouge,1
1230,L,Vert,1
1231,L,Rouge,1
1232,X,Rouge,1
1233,L,Vert,1
1234,X,Vert,1
1235,L,Rouge,1
1236,L,Rouge,1
1237,X,Rouge,1
1238,L,Vert,1
1239,L,Rouge,1
1240,X,Vert,1
1241,L,Vert,1
1242,X,Vert,1
1243,L,Rouge,1
1244,L,Rouge,1
1245,L,Vert,1
1246,L,Rouge,1
1247,X,Vert,1
1248,X,Rouge,1
1249,X,Vert,1
1250,L,Rouge,1
1251,X,Rouge,1
1252,X,Rouge,1
1253,X,Vert,1
1254,L,Rouge,1
1255,X,Vert,1
1256,X,Rouge,1
1257,L,Vert,1
1258,L,Rouge,1
1259,X,Rouge,1
1260,X,Vert,1
1261,X,Vert,1
1262,X,Vert,1
1263,L,Rouge,1
1264,L,Rouge,1
1265,X,Vert,1
1266,L,Vert,1
1267,L,Vert,1
1268,X,Rouge,1
1269,X,Rouge,1
1270,X,Vert,1
1271,L,Rouge,1
1272,X,Rouge,1
1273,L,Vert,1
1274,X,Rouge,1
1275,L,Rouge,1
1276,L,Vert,1
1277,L,Rouge,1
1278,L,Vert,1
1279,L,Rouge,1
1280,X,Vert,1
1281,L,Rouge,1
1282,X,Vert,1
1283,X,Rouge,1
1284,X,Rouge,1
1285,L,Vert,1
1286,X,Vert,1
1287,X,Rouge,1
1288,X,Vert,1
1289,L,Vert,1
1290,X,Vert,1
1291,L,Vert,1
1292,L,Rouge,1
1293,X,Vert,1
1294,L,Rouge,1
1295,X,Rouge,1
1296,L,Rouge,1
1297,L,Rouge,1
1298,X,Rouge,1
1299,L,Vert,1
1300,X,Vert,1
1301,X,Rouge,1
1302,L,Vert,1
1303,X,Rouge,1
1304,X,Rouge,1
1305,X,Vert,1
1306,L,Vert,1
1307,L,Vert,1
1308,L,Vert,1
1309,L,Rouge,1
1310,X,Vert,1
1311,L,Rouge,1
1312,X,Rouge,1
1313,X,Vert,1
1314,L,Vert,1
1315,X,Rouge,1
1316,X,Vert,1
1317,X,Rouge,1
1318,L,Vert,1
1319,L,Rouge,1
1320,L,Vert,1
1321,L,Rouge,1
1322,L,Vert,1
1323,X,Rouge,1
1324,X,Vert,1
1325,X,Vert,1
1326,X,Rouge,1
1327,X,Rouge,1
1328,X,Vert,1
1329,L,Rouge,1
1330,L,Vert,1
1331,L,Rouge,1
1332,L,Vert,1
1333,L,Vert,1
1334,L,Rouge,1
1335,X,Rouge,1
1336,L,Rouge,1
1337,L,Vert,1
1338,X,Vert,1
1339,X,Rouge,1
1340,X,Rouge,1
1341,X,Vert,1
1342,X,Vert,1
1343,X,Rouge,1
1344,X,Vert,1
1345,X,Rouge,1
1346,X,Vert,1
1347,X,Vert,1
1348,L,Rouge,1
1349,L,Rouge,1
1350,L,Vert,1
1351,X,Vert,1
1352,X,Rouge,1
1353,L,Rouge,1
1354,L,Vert,1
1355,L,Vert,1
1356,L,Rouge,1
1357,X,Rouge,1
1358,X,Vert,1
1359,L,Rouge,1
1360,L,Rouge,1
1361,L,Vert,1
1362,X,Vert,1
1363,L,Vert,1
1364,L,Vert,1
1365,L,Vert,1
1366,X,Vert,1
1367,X,Vert,1
1368,L,Rouge,1
1369,L,Rouge,1
1370,X,Rouge,1
1371,L,Rouge,1
1372,L,Vert,1
1373,X,Rouge,1
1374,X,Rouge,1
1375,X,Vert,1
1376,X,Vert,1
1377,X,Rouge,1
1378,X,Rouge,1
1379,X,Rouge,1
1380,L,Vert,1
1381,L,Rouge,1
1382,L,Rouge,1
1383,L,Vert,1
1384,L,Vert,1
1385,X,Rouge,1
1386,L,Vert,1
1387,L,Rouge,1
1388,L,Rouge,1
1389,X,Rouge,1
1390,L,Vert,1
1391,L,Vert,1
1392,L,Rouge,1
1393,X,Rouge,1
1394,X,Vert,1
1395,X,Vert,1
1396,X,Vert,1
1397,L,Vert,1
1398,L,Rouge,1
1399,X,Rouge,1
1400,X,Rouge,1
1401,X,Rouge,1
1402,L,Vert,1
1403,X,Rouge,1
1404,L,Vert,1
1405,L,Vert,1
1406,X,Rouge,1
1407,L,Rouge,1
1408,X,Vert,1
1409,L,Vert,1
1410,X,Rouge,1
1411,L,Vert,1
1412,X,Vert,1
1413,L,Rouge,1
1414,X,Vert,1
1415,X,Rouge,1
1416,L,Vert,1
1417,L,Vert,1
1418,L,Vert,1
1419,X,Vert,1
1420,X,Rouge,1
1421,X,Vert,1
1422,L,Vert,1
1423,L,Vert,1
1424,X,Vert,1
1425,L,Vert,1
1426,X,Rouge,1
1427,X,Rouge,1
1428,L,Rouge,1
1429,X,Rouge,1
1430,L,Vert,1
1431,L,Rouge,1
1432,L,Rouge,1
1433,X,Rouge,1
1434,L,Rouge,1
1435,X,Vert,1
1436,X,Rouge,1
1437,X,Rouge,1
1438,X,Vert,1
1439,L,Vert,1
1440,L,Vert,1
1441,X,Vert,1
1442,L,Vert,1
1443,L,Vert,1
1444,X,Rouge,1
1445,X,Vert,1
1446,L,Vert,1
1447,L,Rouge,1
1448,X,Vert,1
1449,L,Vert,1
1450,X,Vert,1
1451,X,Rouge,1
1452,L,Vert,1
1453,X,Rouge,1
1454,L,Rouge,1
1455,L,Vert,1
1456,L,Vert,1
1457,L,Rouge,1
1458,X,Rouge,1
1459,L,Rouge,1
1460,X,Vert,1
1461,L,Rouge,1
1462,L,Vert,1
1463,X,Vert,1
1464,X,Rouge,1
1465,X,Vert,1
1466,L,Rouge,1
1467,X,Rouge,1
1468,L,Vert,1
1469,X,Rouge,1
1470,X,Rouge,1
1471,L,Vert,1
1472,L,Rouge,1
1473,X,Rouge,1
1474,X,Vert,1
1475,L,Rouge,1
1476,X,Rouge,1
1477,X,Rouge,1
1478,X,Vert,1
1479,L,Vert,1
1480,X,Rouge,1
1481,L,Rouge,1
1482,X,Vert,1
1483,X,Vert,1
1484,L,Rouge,1
1485,L,Rouge,1
1486,L,Vert,1
1487,L,Rouge,1
1488,L,Vert,1
1489,L,Vert,1
1490,L,Rouge,1
1491,L,Rouge,1
1492,L,Vert,1
1493,X,Rouge,1
1494,X,Rouge,1
1495,X,Rouge,1
1496,L,Vert,1
1497,L,Rouge,1
1498,L,Rouge,1
1499,L,Rouge,1
1500,L,Vert,1
1501,X,Rouge,1
1502,X,Rouge,1
1503,X,Vert,1
1504,L,Vert,1
1505,X,Vert,1
1506,X,Rouge,1
1507,X,Rouge,1
1508,X,Rouge,1
1509,X,Rouge,1
1510,X,Rouge,1
1511,X,Vert,1
1512,L,Vert,1
1513,X,Rouge,1
1514,X,Rouge,1
1515,L,Rouge,1
1516,L,Rouge,1
1517,X,Rouge,1
1518,X,Rouge,1
1519,X,Vert,1
1520,L,Vert,1
1521,L,Vert,1
1522,L,Vert,1
1523,X,Rouge,1
1524,X,Rouge,1
1525,X,Rouge,1
1526,X,Rouge,1
1527,X,Vert,1
1528,L,Rouge,1
1529,L,Rouge,1
1530,X,Rouge,1
1531,X,Rouge,1
1532,X,Rouge,1
1533,L,Vert,1
1534,L,Vert,1
1535,L,Rouge,1
1536,L,Vert,1
1537,X,Rouge,1
1538,L,Rouge,1
1539,L,Rouge,1
1540,X,Rouge,1
1541,L,Vert,1
1542,X,Vert,1
1543,L,Vert,1
1544,X,Rouge,1
1545,L,Vert,1
1546,L,Rouge,1
1547,L,Vert,1
1548,X,Vert,1
1549,X,Rouge,1
1550,L,Rouge,1
1551,X,Rouge,1
1552,X,Vert,1
1553,L,Rouge,1
1554,X,Vert,1
1555,L,Vert,1
1556,L,Rouge,1
1557,X,Rouge,1
1558,X,Vert,1
1559,X,Rouge,1
1560,L,Rouge,1
1561,X,Vert,1
1562,L,Rouge,1
1563,L,Rouge,1
1564,L,Vert,1
1565,L,Vert,1
1566,X,Rouge,1
1567,L,Rouge,1
1568,X,Rouge,1
1569,L,Rouge,1
1570,L,Rouge,1
1571,L,Vert,1
1572,X,Vert,1
1573,X,Vert,1
1574,L,Rouge,1
1575,L,Rouge,1
1576,X,Rouge,1
1577,X,Rouge,1
1578,X,Vert,1
1579,X,Vert,1
1580,X,Rouge,1
1581,L,Vert,1
1582,L,Vert,1
1583,L,Vert,1
1584,X,Vert,1
1585,L,Vert,1
1586,X,Rouge,1
1587,L,Rouge,1
1588,L,Vert,1
1589,X,Rouge,1
1590,X,Vert,1
1591,L,Vert,1
1592,X,Rouge,1
1593,X,Vert,1
1594,L,Rouge,1
1595,L,Rouge,1
1596,X,Rouge,1
1597,X,Rouge,1
1598,L,Vert,1
1599,L,Vert,1
1600,X,Rouge,1
1601,L,Vert,1
1602,X,Rouge,1
1603,L,Rouge,1
1604,X,Vert,1
1605,L,Vert,1
1606,L,Vert,1
1607,X,Rouge,1
1608,X,Vert,1
1609,L,Vert,1
1610,L,Vert,1
1611,L,Rouge,1
1612,L,Rouge,1
1613,L,Rouge,1
1614,X,Vert,1
1615,X,Vert,1
1616,X,Rouge,1
1617,X,Rouge,1
1618,X,Vert,1
1619,X,Rouge,1
1620,L,Vert,1
1621,L,Vert,1
1622,L,Vert,1
1623,L,Vert,1
1624,X,Rouge,1
1625,L,Rouge,1
1626,X,Rouge,1
1627,X,Vert,1
1628,L,Vert,1
1629,X,Rouge,1
1630,X,Rouge,1
1631,L,Vert,1
1632,X,Rouge,1
1633,X,Vert,1
1634,L,Rouge,1
1635,X,Rouge,1
1636,L,Vert,1
1637,L,Vert,1
1638,X,Rouge,1
1639,L,Rouge,1
1640,X,Vert,1
1641,L,Rouge,1
1642,L,Rouge,1
1643,X,Vert,1
1644,X,Vert,1
1645,X,Rouge,1
1646,L,Vert,1
1647,X,Vert,1
1648,X,Vert,1
1649,L,Rouge,1
1650,X,Rouge,1
1651,X,Rouge,1
1652,L,Vert,1
1653,X,Vert,1
1654,X,Vert,1
1655,L,Vert,1
1656,L,Vert,1
1657,L,Vert,1
1658,X,Vert,1
1659,L,Rouge,1
1660,X,Rouge,1
1661,L,Rouge,1
1662,X,Vert,1
1663,X,Rouge,1
1664,L,Vert,1
1665,X,Rouge,1
1666,X,Vert,1
1667,L,Vert,1
1668,L,Rouge,1
1669,L,Vert,1
1670,X,Vert,1
1671,X,Rouge,1
1672,L,Rouge,1
1673,X,Vert,1
1674,L,Rouge,1
1675,L,Rouge,1
1676,X,Rouge,1
1677,L,Vert,1
1678,L,Vert,1
1679,X,Rouge,1
1680,L,Rouge,1
1681,X,Rouge,1
1682,X,Rouge,1
1683,X,Rouge,1
1684,X,Vert,1
1685,L,Vert,1
1686,X,Rouge,1
1687,X,Rouge,1
1688,L,Rouge,1
1689,X,Rouge,1
1690,L,Rouge,1
1691,L,Vert,1
1692,X,Rouge,1
1693,X,Vert,1
1694,X,Vert,1
1695,L,Rouge,1
1696,L,Rouge,1
1697,L,Vert,1
1698,X,Rouge,1
1699,X,Vert,1
1700,X,Rouge,1
1701,L,Rouge,1
1702,X,Rouge,1
1703,L,Rouge,1
1704,L,Rouge,1
1705,X,Vert,1
1706,L,Rouge,1
1707,X,Vert,1
1708,L,Rouge,1
1709,L,Rouge,1
1710,L,Vert,1
1711,L,Rouge,1
1712,X,Vert,1
1713,X,Rouge,1
1714,L,Rouge,1
1715,L,Rouge,1
1716,L,Rouge,1
1717,X,Rouge,1
1718,X,Vert,1
1719,X,Vert,1
1720,L,Rouge,1
1721,L,Rouge,1
1722,X,Vert,1
1723,X,Vert,1
1724,X,Rouge,1
1725,X,Rouge,1
1726,L,Rouge,1
1727,L,Rouge,1
1728,L,Rouge,1
1729,X,Vert,1
1730,L,Rouge,1
1731,L,Rouge,1
1732,L,Rouge,1
1733,X,Vert,1
1734,X,Vert,1
1735,L,Vert,1
1736,L,Rouge,1
1737,X,Vert,1
1738,L,Vert,1
1739,X,Rouge,1
1740,L,Rouge,1
1741,X,Vert,1
1742,L,Rouge,1
1743,L,Rouge,1
1744,X,Vert,1
1745,L,Rouge,1
1746,L,Rouge,1
1747,X,Rouge,1
1748,X,Rouge,1
1749,L,Vert,1
1750,L,Rouge,1
1751,X,Vert,1
1752,X,Vert,1
1753,L,Rouge,1
1754,X,Vert,1
1755,L,Rouge,1
1756,L,Vert,1
1757,X,Rouge,1
1758,X,Rouge,1
1759,X,Rouge,1
1760,X,Vert,1
1761,L,Rouge,1
1762,L,Vert,1
1763,L,Vert,1
1764,X,Rouge,1
1765,X,Vert,1
1766,L,Rouge,1
1767,L,Vert,1
1768,L,Vert,1
1769,X,Rouge,1
1770,X,Rouge,1
1771,L,Rouge,1
1772,X,Rouge,1
1773,L,Rouge,1
1774,X,Rouge,1
1775,X,Vert,1
1776,X,Rouge,1
1777,L,Rouge,1
1778,L,Rouge,1
1779,X,Vert,1
1780,L,Vert,1
1781,L,Vert,1
1782,X,Vert,1
1783,X,Rouge,1
1784,L,Rouge,1
1785,X,Vert,1
1786,L,Vert,1
1787,X,Rouge,1
1788,L,Rouge,1
1789,L,Rouge,1
1790,L,Rouge,1
1791,X,Vert,1
1792,X,Rouge,1
1793,L,Rouge,1
1794,L,Vert,1
1795,X,Rouge,1
1796,L,Vert,1
1797,X,Rouge,1
1798,L,Vert,1
1799,L,Rouge,1
1800,L,Vert,1
1801,X,Vert,1
1802,X,Vert,1
1803,L,Rouge,1
1804,X,Vert,1
1805,X,Vert,1
1806,X,Vert,1
1807,X,Vert,1
1808,X,Rouge,1
1809,L,Rouge,1
1810,L,Rouge,1
1811,L,Rouge,1
1812,L,Rouge,1
1813,L,Rouge,1
1814,X,Rouge,1
1815,L,Rouge,1
1816,X,Rouge,1
1817,L,Vert,1
1818,X,Vert,1
1819,X,Rouge,1
1820,X,Rouge,1
1821,X,Vert,1
1822,L,Vert,1
1823,X,Vert,1
1824,L,Rouge,1
1825,X,Vert,1
1826,L,Rouge,1
1827,L,Rouge,1
1828,X,Vert,1
1829,L,Rouge,1
1830,X,Rouge,1
1831,X,Rouge,1
1832,X,Vert,1
1833,L,Vert,1
1834,X,Vert,1
1835,L,Rouge,1
1836,L,Rouge,1
1837,L,Vert,1
1838,L,Rouge,1
1839,L,Rouge,1
1840,L,Rouge,1
1841,L,Rouge,1
1842,X,Rouge,1
1843,X,Vert,1
1844,X,Rouge,1
1845,L,Vert,1
1846,L,Vert,1
1847,L,Vert,1
1848,X,Rouge,1
1849,X,Vert,1
1850,L,Vert,1
1851,X,Vert,1
1852,X,Vert,1
1853,L,Rouge,1
1854,X,Rouge,1
1855,X,Vert,1
1856,L,Vert,1
1857,L,Rouge,1
1858,X,Rouge,1
1859,X,Rouge,1
1860,X,Vert,1
1861,X,Rouge,1
1862,X,Vert,1
1863,L,Rouge,1
1864,L,Rouge,1
1865,X,Vert,1
1866,L,Rouge,1
1867,L,Rouge,1
1868,X,Rouge,1
1869,L,Rouge,1
1870,L,Vert,1
1871,L,Rouge,1
1872,L,Rouge,1
1873,X,Vert,1
1874,X,Rouge,1
1875,X,Vert,1
1876,L,Rouge,1
1877,L,Vert,1
1878,L,Vert,1
1879,X,Rouge,1
1880,L,Vert,1
1881,L,Vert,1
1882,L,Rouge,1
1883,X,Vert,1
1884,X,Rouge,1
1885,L,Rouge,1
1886,X,Vert,1
1887,X,Rouge,1
1888,X,Vert,1
1889,X,Rouge,1
1890,X,Vert,1
1891,L,Rouge,1
1892,X,Vert,1
1893,L,Rouge,1
1894,X,Rouge,1
1895,X,Rouge,1
1896,L,Rouge,1
1897,X,Vert,1
1898,X,Vert,1
1899,L,Vert,1
1900,L,Vert,1
1901,L,Vert,1
1902,L,Rouge,1
1903,X,Vert,1
1904,X,Rouge,1
1905,X,Vert,1
1906,X,Vert,1
1907,L,Rouge,1
1908,X,Rouge,1
1909,X,Rouge,1
1910,L,Vert,1
1911,X,Rouge,1
1912,X,Rouge,1
1913,L,Vert,1
1914,X,Rouge,1
1915,X,Vert,1
1916,L,Vert,1
1917,X,Vert,1
1918,L,Vert,1
1919,X,Rouge,1
1920,L,Vert,1
1921,L,Rouge,1
1922,X,Vert,1
1923,L,Rouge,1
1924,X,Vert,1
1925,L,Vert,1
1926,L,Rouge,1
1927,X,Vert,1
1928,X,Vert,1
1929,L,Vert,1
1930,L,Rouge,1
1931,L,Vert,1
1932,L,Vert,1
1933,L,Vert,1
1934,X,Vert,1
1935,X,Rouge,1
1936,L,Rouge,1
1937,L,Rouge,1
1938,L,Vert,1
1939,X,Rouge,1
1940,X,Vert,1
1941,L,Vert,1
1942,X,Rouge,1
1943,L,Rouge,1
1944,X,Vert,1
1945,L,Rouge,1
1946,X,Rouge,1
1947,X,Rouge,1
1948,L,Vert,1
1949,L,Vert,1
1950,L,Rouge,1
1951,X,Rouge,1
1952,X,Rouge,1
1953,L,Rouge,1
1954,X,Vert,1
1955,L,Vert,1
1956,X,Vert,1
1957,L,Rouge,1
1958,X,Rouge,1
1959,X,Vert,1
1960,L,Vert,1
1961,L,Rouge,1
1962,L,Vert,1
1963,X,Rouge,1
1964,X,Vert,1
1965,L,Vert,1
1966,X,Vert,1
1967,L,Rouge,1
1968,X,Vert,1
1969,X,Rouge,1
1970,L,Vert,1
1971,L,Rouge,1
1972,X,Vert,1
1973,X,Vert,1
1974,L,Rouge,1
1975,X,Rouge,1
1976,X,Rouge,1
1977,L,Vert,1
1978,L,Rouge,1
1979,X,Rouge,1
1980,L,Vert,1
1981,X,Rouge,1
1982,L,Vert,1
1983,X,Vert,1
1984,L,Rouge,1
1985,X,Vert,1
1986,L,Rouge,1
1987,X,Rouge,1
1988,L,Rouge,1
1989,L,Vert,1
1990,L,Rouge,1
1991,L,Rouge,1
1992,L,Rouge,1
1993,L,Vert,1
1994,L,Vert,1
1995,X,Rouge,1
1996,X,Vert,1
1997,X,Vert,1
1998,X,Rouge,1
1999,X,Rouge,1
2000,X,Rouge,1
2001,X,Rouge,1
2002,L,Vert,1
2003,X,Vert,1
2004,X,Vert,1
2005,X,Vert,1
2006,L,Rouge,1
2007,L,Vert,1
2008,X,Vert,1
2009,X,Rouge,1
2010,L,Vert,1
2011,L,Rouge,1
2012,X,Rouge,1
2013,L,Rouge,1
2014,L,Vert,1
2015,L,Rouge,1
2016,X,Vert,1
2017,L,Rouge,1
2018,L,Rouge,1
2019,X,Rouge,1
2020,X,Rouge,1
2021,L,Vert,1
2022,L,Vert,1
2023,L,Rouge,1
2024,L,Rouge,1
2025,X,Rouge,1
2026,L,Rouge,1
2027,X,Vert,1
2028,X,Rouge,1
2029,X,Vert,1
2030,L,Rouge,1
2031,X,Rouge,1
2032,X,Rouge,1
2033,X,Vert,1
2034,L,Rouge,1
2035,L,Vert,1
2036,L,Vert,1
2037,L,Rouge,1
2038,X,Vert,1
2039,X,Rouge,1
2040,L,Rouge,1
2041,X,Rouge,1
2042,L,Rouge,1
2043,L,Vert,1
2044,L,Vert,1
2045,X,Rouge,1
2046,X,Vert,1
2047,L,Rouge,1
2048,L,Rouge,1
2049,X,Rouge,1
2050,X,Vert,1
2051,X,Vert,1
2052,X,Vert,1
2053,L,Vert,1
2054,L,Vert,1
2055,L,Vert,1
2056,L,Vert,1
2057,L,Rouge,1
2058,X,Vert,1
2059,X,Vert,1
2060,X,Rouge,1
2061,X,Vert,1
2062,X,Vert,1
2063,L,Vert,1
2064,X,Vert,1
2065,X,Rouge,1
2066,L,Rouge,1
2067,L,Vert,1
2068,X,Rouge,1
2069,L,Vert,1
2070,X,Vert,1
2071,X,Rouge,1
2072,L,Vert,1
2073,L,Vert,1
2074,L,Vert,1
2075,X,Vert,1
2076,L,Rouge,1
2077,L,Rouge,1
2078,X,Rouge,1
2079,X,Vert,1
2080,X,Vert,1
2081,L,Vert,1
2082,X,Rouge,1
2083,X,Rouge,1
2084,X,Vert,1
2085,L,Rouge,1
2086,X,Vert,1
2087,L,Vert,1
2088,L,Rouge,1
2089,X,Vert,1
2090,L,Rouge,1
2091,L,Vert,1
2092,X,Rouge,1
2093,X,Vert,1
2094,L,Rouge,1
2095,L,Rouge,1
2096,X,Rouge,1
2097,X,Rouge,1
2098,X,Rouge,1
2099,L,Vert,1
2100,X,Rouge,1
2101,L,Rouge,1
2102,L,Vert,1
2103,X,Vert,1
2104,L,Vert,1
2105,X,Vert,1
2106,L,Vert,1
2107,X,Rouge,1
2108,L,Rouge,1
2109,L,Rouge,1
2110,L,Rouge,1
2111,X,Vert,1
2112,X,Vert,1
2113,L,Vert,1
2114,L,Rouge,1
2115,L,Rouge,1
2116,X,Vert,1
2117,L,Rouge,1
2118,L,Rouge,1
2119,X,Vert,1
2120,X,Vert,1
2121,X,Vert,1
2122,X,Vert,1
2123,L,Vert,1
2124,X,Rouge,1
2125,L,Rouge,1
2126,X,Rouge,1
2127,X,Vert,1
2128,L,Vert,1
2129,X,Vert,1
2130,L,Rouge,1
2131,X,Vert,1
2132,X,Vert,1
2133,X,Rouge,1
2134,X,Vert,1
2135,X,Vert,1
2136,X,Vert,1
2137,L,Rouge,1
2138,X,Rouge,1
2139,X,Rouge,1
2140,X,Vert,1
2141,L,Rouge,1
2142,L,Rouge,1
2143,X,Vert,1
2144,L,Rouge,1
2145,L,Vert,1
2146,X,Rouge,1
2147,L,Rouge,1
2148,L,Vert,1
2149,X,Rouge,1
2150,L,Rouge,1
2151,L,Vert,1
2152,L,Vert,1
2153,L,Vert,1
2154,X,Vert,1
2155,L,Vert,1
2156,L,Vert,1
2157,X,Rouge,1
2158,X,Vert,1
2159,L,Vert,1
2160,L,Rouge,1
2161,X,Rouge,1
2162,X,Rouge,1
2163,L,Vert,1
2164,L,Rouge,1
2165,X,Vert,1
2166,X,Rouge,1
2167,X,Vert,1
2168,X,Vert,1
2169,L,Vert,1
2170,L,Rouge,1
2171,L,Rouge,1
2172,X,Vert,1
2173,L,Vert,1
2174,X,Rouge,1
2175,L,Vert,1
2176,X,Rouge,1
2177,X,Rouge,1
2178,L,Vert,1
2179,L,Vert,1
2180,L,Vert,1
2181,X,Vert,1
2182,X,Rouge,1
2183,L,Vert,1
2184,X,Vert,1
2185,X,Rouge,1
2186,X,Rouge,1
2187,L,Vert,1
2188,L,Rouge,1
2189,X,Rouge,1
2190,L,Rouge,1
2191,L,Rouge,1
2192,X,Rouge,1
2193,L,Rouge,1
2194,L,Vert,1
2195,L,Rouge,1
2196,X,Vert,1
2197,L,Vert,1
2198,L,Vert,1
2199,L,Rouge,1
2200,X,Vert,1
2201,L,Rouge,1
2202,X,Rouge,1
2203,X,Rouge,1
2204,X,Rouge,1
2205,X,Rouge,1
2206,X,Rouge,1
2207,L,Vert,1
2208,X,Rouge,1
2209,L,Rouge,1
2210,L,Vert,1
2211,L,Vert,1
2212,X,Vert,1
2213,L,Vert,1
2214,L,Vert,1
2215,L,Vert,1
2216,L,Rouge,1
2217,L,Vert,1
2218,L,Rouge,1
2219,X,Vert,1
2220,X,Vert,1
2221,X,Rouge,1
2222,X,Vert,1
2223,X,Vert,1
2224,X,Vert,1
2225,X,Vert,1
2226,L,Vert,1
2227,L,Rouge,1
2228,X,Rouge,1
2229,X,Vert,1
2230,L,Rouge,1
2231,X,Vert,1
2232,L,Rouge,1
2233,L,Rouge,1
2234,L,Vert,1
2235,X,Rouge,1
2236,L,Vert,1
2237,X,Vert,1
2238,X,Vert,1
2239,X,Rouge,1
2240,X,Rouge,1
2241,L,Rouge,1
2242,L,Vert,1
2243,L,Vert,1
2244,L,Rouge,1
2245,X,Vert,1
2246,L,Rouge,1
2247,L,Vert,1
2248,X,Rouge,1
2249,L,Vert,1
2250,X,Vert,1
2251,X,Vert,1
2252,L,Vert,1
2253,L,Rouge,1
2254,L,Vert,1
2255,X,Rouge,1
2256,L,Rouge,1
2257,X,Rouge,1
2258,L,Rouge,1
2259,X,Rouge,1
2260,X,Rouge,1
2261,L,Vert,1
2262,X,Rouge,1
2263,X,Rouge,1
2264,X,Vert,1
2265,L,Vert,1
2266,X,Vert,1
2267,X,Vert,1
2268,L,Rouge,1
2269,L,Rouge,1
2270,L,Rouge,1
2271,L,Vert,1
2272,X,Vert,1
2273,X,Vert,1
2274,L,Rouge,1
2275,L,Vert,1
2276,X,Rouge,1
2277,X,Vert,1
2278,L,Rouge,1
2279,X,Rouge,1
2280,X,Vert,1
2281,L,Rouge,1
2282,L,Vert,1
2283,L,Rouge,1
2284,X,Vert,1
2285,X,Rouge,1
2286,L,Vert,1
2287,L,Rouge,1
2288,X,Rouge,1
2289,X,Rouge,1
2290,L,Rouge,1
2291,X,Rouge,1
2292,X,Vert,1
2293,X,Vert,1
2294,L,Vert,1
2295,X,Rouge,1
2296,X,Rouge,1
2297,L,Rouge,1
2298,L,Rouge,1
2299,L,Rouge,1
2300,X,Vert,1
2301,X,Rouge,1
2302,L,Vert,1
2303,L,Rouge,1
2304,X,Vert,1
2305,L,Rouge,1
2306,X,Vert,1
2307,L,Rouge,1
2308,X,Vert,1
2309,L,Rouge,1
2310,X,Rouge,1
2311,L,Rouge,1
2312,L,Rouge,1
2313,L,Vert,1
2314,X,Rouge,1
2315,X,Vert,1
2316,L,Rouge,1
2317,X,Vert,1
2318,X,Vert,1
2319,X,Rouge,1
2320,L,Rouge,1
2321,X,Vert,1
2322,X,Rouge,1
2323,L,Rouge,1
2324,L,Rouge,1
2325,L,Vert,1
2326,L,Rouge,1
2327,L,Vert,1
2328,X,Rouge,1
2329,X,Vert,1
2330,X,Rouge,1
2331,X,Vert,1
2332,L,Rouge,1
2333,X,Rouge,1
2334,X,Rouge,1
2335,L,Vert,1
2336,X,Rouge,1
2337,L,Rouge,1
2338,X,Rouge,1
2339,L,Rouge,1
2340,L,Rouge,1
2341,X,Rouge,1
2342,X,Rouge,1
2343,L,Vert,1
2344,L,Rouge,1
2345,L,Rouge,1
2346,L,Rouge,1
2347,X,Rouge,1
2348,X,Vert,1
2349,X,Rouge,1
2350,L,Vert,1
2351,L,Rouge,1
2352,L,Vert,1
2353,L,Rouge,1
2354,X,Rouge,1
2355,L,Rouge,1
2356,L,Vert,1
2357,X,Rouge,1
2358,X,Rouge,1
2359,X,Vert,1
2360,L,Rouge,1
2361,L,Rouge,1
2362,X,Vert,1
2363,X,Rouge,1
2364,X,Vert,1
2365,L,Rouge,1
2366,L,Rouge,1
2367,L,Vert,1
2368,L,Rouge,1
2369,X,Vert,1
2370,X,Rouge,1
2371,X,Rouge,1
2372,X,Rouge,1
2373,L,Rouge,1
2374,L,Vert,1
2375,X,Vert,1
2376,X,Rouge,1
2377,X,Rouge,1
2378,L,Vert,1
2379,X,Rouge,1
2380,X,Rouge,1
2381,X,Rouge,1
2382,X,Vert,1
2383,L,Rouge,1
2384,L,Vert,1
2385,L,Rouge,1
2386,X,Vert,1
2387,L,Rouge,1
2388,X,Vert,1
2389,X,Vert,1
2390,L,Rouge,1
2391,X,Rouge,1
2392,X,Rouge,1
2393,X,Vert,1
2394,X,Vert,1
2395,L,Rouge,1
2396,L,Vert,1
2397,L,Rouge,1
2398,L,Vert,1
2399,X,Rouge,1
2400,L,Rouge,1
2401,L,Rouge,1
2402,L,Vert,1
2403,X,Rouge,1
2404,L,Rouge,1
2405,L,Vert,1
2406,X,Rouge,1
2407,X,Vert,1
2408,X,Rouge,1
2409,L,Rouge,1
2410,X,Vert,1
2411,L,Rouge,1
2412,L,Vert,1
2413,X,Rouge,1
2414,X,Rouge,1
2415,X,Vert,1
2416,X,Rouge,1
2417,X,Vert,1
2418,X,Vert,1
2419,L,Vert,1
2420,L,Rouge,1
2421,X,Rouge,1
2422,L,Rouge,1
2423,L,Rouge,1
2424,L,Rouge,1
2425,L,Vert,1
2426,L,Vert,1
2427,L,Vert,1
2428,X,Vert,1
2429,X,Vert,1
2430,L,Vert,1
2431,X,Rouge,1
2432,L,Rouge,1
2433,L,Vert,1
2434,X,Rouge,1
2435,L,Rouge,1
2436,X,Vert,1
2437,X,Rouge,1
2438,X,Vert,1
2439,L,Vert,1
2440,L,Rouge,1
2441,L,Vert,1
2442,X,Rouge,1
2443,L,Vert,1
2444,L,Rouge,1
2445,L,Vert,1
2446,X,Rouge,1
2447,X,Vert,1
2448,X,Rouge,1
2449,X,Vert,1
2450,X,Rouge,1
2451,X,Rouge,1
2452,X,Rouge,1
2453,L,Vert,1
2454,X,Vert,1
2455,L,Vert,1
2456,L,Rouge,1
2457,L,Vert,1
2458,X,Rouge,1
2459,L,Vert,1
2460,L,Vert,1
2461,X,Vert,1
2462,L,Rouge,1
2463,X,Rouge,1
2464,L,Rouge,1
2465,L,Rouge,1
2466,L,Vert,1
2467,X,Rouge,1
2468,X,Vert,1
2469,L,Rouge,1
2470,L,Rouge,1
2471,X,Vert,1
2472,X,Rouge,1
2473,L,Vert,1
2474,X,Rouge,1
2475,L,Vert,1
2476,X,Vert,1
2477,X,Vert,1
2478,L,Vert,1
2479,X,Vert,1
2480,L,Rouge,1
2481,L,Vert,1
2482,X,Vert,1
2483,X,Rouge,1
2484,L,Rouge,1
2485,L,Rouge,1
2486,X,Rouge,1
2487,X,Vert,1
2488,X,Vert,1
2489,L,Rouge,1
2490,L,Rouge,1
2491,X,Vert,1
2492,L,Vert,1
2493,X,Vert,1
2494,L,Rouge,1
2495,X,Vert,1
2496,L,Rouge,1
2497,L,Rouge,1
2498,X,Rouge,1
2499,L,Rouge,1
2500,L,Vert,1
2501,X,Vert,1
2502,L,Rouge,1
2503,L,Rouge,1
2504,X,Rouge,1
2505,X,Vert,1
2506,L,Vert,1
2507,L,Rouge,1
2508,L,Vert,1
2509,X,Vert,1
2510,L,Vert,1
2511,L,Vert,1
2512,X,Rouge,1
2513,X,Vert,1
2514,L,Rouge,1
2515,X,Rouge,1
2516,X,Vert,1
2517,L,Rouge,1
2518,X,Rouge,1
2519,X,Rouge,1
2520,X,Rouge,1
2521,L,Vert,1
2522,L,Vert,1
2523,L,Rouge,1
2524,X,Vert,1
2525,L,Rouge,1
2526,X,Rouge,1
2527,L,Vert,1
2528,L,Vert,1
2529,L,Vert,1
2530,L,Rouge,1
2531,X,Vert,1
2532,L,Rouge,1
2533,X,Rouge,1
2534,X,Rouge,1
2535,X,Vert,1
2536,L,Rouge,1
2537,X,Vert,1
2538,X,Rouge,1
2539,X,Vert,1
2540,X,Vert,1
2541,L,Vert,1
2542,L,Rouge,1
2543,X,Rouge,1
2544,L,Vert,1
2545,X,Rouge,1
2546,X,Rouge,1
2547,L,Vert,1
2548,X,Rouge,1
2549,X,Vert,1
2550,L,Rouge,1
2551,L,Vert,1
2552,X,Rouge,1
2553,X,Vert,1
2554,L,Rouge,1
2555,X,Rouge,1
2556,L,Vert,1
2557,X,Rouge,1
2558,X,Rouge,1
2559,L,Vert,1
2560,X,Vert,1
2561,X,Rouge,1
2562,X,Rouge,1
2563,L,Vert,1
2564,X,Vert,1
2565,X,Rouge,1
2566,L,Rouge,1
2567,L,Vert,1
2568,X,Vert,1
2569,L,Vert,1
2570,L,Vert,1
2571,L,Rouge,1
2572,L,Rouge,1
2573,L,Rouge,1
2574,X,Vert,1
2575,L,Rouge,1
2576,X,Rouge,1
2577,L,Vert,1
2578,L,Vert,1
2579,X,Vert,1
2580,L,Rouge,1
2581,L,Vert,1
2582,X,Vert,1
2583,L,Vert,1
2584,L,Rouge,1
2585,X,Vert,1
2586,X,Rouge,1
2587,X,Vert,1
2588,X,Vert,1
2589,L,Rouge,1
2590,L,Rouge,1
2591,X,Rouge,1
2592,X,Vert,1
2593,L,Rouge,1
2594,X,Rouge,1
2595,X,Vert,1
2596,L,Rouge,1
2597,X,Rouge,1
2598,L,Vert,1
2599,X,Rouge,1
2600,X,Rouge,1
2601,L,Vert,1
2602,L,Rouge,1
2603,X,Vert,1
2604,L,Vert,1
2605,L,Rouge,1
2606,X,Rouge,1
2607,X,Vert,1
2608,L,Rouge,1
2609,X,Vert,1
2610,L,Rouge,1
2611,X,Vert,1
2612,X,Rouge,1
2613,L,Rouge,1
2614,L,Vert,1
2615,X,Rouge,1
2616,L,Rouge,1
2617,L,Vert,1
2618,L,Rouge,1
2619,X,Vert,1
2620,X,Rouge,1
2621,L,Rouge,1
2622,X,Rouge,1
2623,X,Rouge,1
2624,L,Rouge,1
2625,X,Rouge,1
2626,X,Vert,1
2627,L,Vert,1
2628,L,Vert,1
2629,X,Rouge,1
2630,L,Vert,1
2631,X,Vert,1
2632,L,Rouge,1
2633,X,Rouge,1
2634,X,Rouge,1
2635,L,Vert,1
2636,X,Vert,1
2637,X,Vert,1
2638,L,Vert,1
2639,L,Rouge,1
2640,L,Rouge,1
2641,X,Vert,1
2642,X,Rouge,1
2643,L,Rouge,1
2644,L,Rouge,1
2645,X,Rouge,1
2646,L,Vert,1
2647,X,Vert,1
2648,L,Vert,1
2649,X,Vert,1
2650,L,Rouge,1
2651,X,Vert,1
2652,X,Rouge,1
2653,X,Vert,1
2654,L,Vert,1
2655,X,Rouge,1
2656,L,Vert,1
2657,X,Vert,1
2658,L,Vert,1
2659,X,Rouge,1
2660,L,Vert,1
2661,X,Vert,1
2662,L,Rouge,1
2663,L,Rouge,1
2664,L,Rouge,1
2665,L,Vert,1
2666,L,Rouge,1
2667,X,Rouge,1
2668,X,Rouge,1
2669,X,Rouge,1
2670,X,Vert,1
2671,L,Vert,1
2672,L,Rouge,1
2673,X,Vert,1
2674,L,Vert,1
2675,X,Vert,1
2676,X,Rouge,1
2677,X,Rouge,1
2678,L,Vert,1
2679,L,Rouge,1
2680,X,Vert,1
2681,X,Vert,1
2682,X,Rouge,1
2683,X,Rouge,1
2684,X,Rouge,1
2685,X,Vert,1
2686,L,Vert,1
2687,L,Rouge,1
2688,L,Vert,1
2689,L,Rouge,1
2690,L,Rouge,1
2691,X,Vert,1
2692,L,Rouge,1
2693,L,Rouge,1
2694,X,Vert,1
2695,L,Vert,1
2696,X,Vert,1
2697,L,Vert,1
2698,L,Vert,1
2699,L,Vert,1
2700,X,Vert,1
2701,X,Vert,1
2702,X,Rouge,1
2703,L,Rouge,1
2704,X,Rouge,1
2705,L,Rouge,1
2706,X,Vert,1
2707,L,Vert,1
2708,X,Rouge,1
2709,X,Vert,1
2710,L,Vert,1
2711,X,Vert,1
2712,L,Vert,1
2713,L,Rouge,1
2714,L,Rouge,1
2715,X,Vert,1
2716,L,Vert,1
2717,X,Rouge,1
2718,L,Vert,1
2719,L,Rouge,1
2720,X,Rouge,1
2721,X,Vert,1
2722,L,Vert,1
2723,X,Rouge,1
2724,L,Rouge,1
2725,X,Vert,1
2726,X,Rouge,1
2727,L,Vert,1
2728,X,Rouge,1
2729,L,Vert,1
2730,X,Rouge,1
2731,L,Vert,1
2732,L,Vert,1
2733,X,Rouge,1
2734,L,Rouge,1
2735,X,Rouge,1
2736,L,Vert,1
2737,L,Rouge,1
2738,L,Rouge,1
2739,L,Vert,1
2740,X,Rouge,1
2741,X,Rouge,1
2742,L,Vert,1
2743,X,Vert,1
2744,X,Rouge,1
2745,X,Vert,1
2746,X,Rouge,1
2747,L,Vert,1
2748,L,Rouge,1
2749,X,Rouge,1
2750,X,Rouge,1
2751,L,Rouge,1
2752,X,Vert,1
2753,L,Vert,1
2754,X,Vert,1
2755,L,Rouge,1
2756,X,Vert,1
2757,X,Rouge,1
2758,L,Vert,1
2759,X,Rouge,1
2760,L,Rouge,1
2761,X,Rouge,1
2762,L,Rouge,1
2763,X,Rouge,1
2764,L,Rouge,1
2765,L,Vert,1
2766,L,Rouge,1
2767,X,Rouge,1
2768,X,Rouge,1
2769,L,Vert,1
2770,L,Vert,1
2771,L,Rouge,1
2772,X,Vert,1
2773,X,Vert,1
2774,X,Vert,1
2775,X,Rouge,1
2776,X,Rouge,1
2777,L,Vert,1
2778,X,Vert,1
2779,X,Vert,1
2780,L,Vert,1
2781,L,Vert,1
2782,L,Rouge,1
2783,L,Rouge,1
2784,X,Vert,1
2785,X,Rouge,1
2786,X,Vert,1
2787,L,Vert,1
2788,X,Rouge,1
2789,L,Rouge,1
2790,L,Rouge,1
2791,X,Vert,1
2792,X,Rouge,1
2793,L,Vert,1
2794,L,Vert,1
2795,L,Vert,1
2796,X,Rouge,1
2797,L,Rouge,1
2798,L,Rouge,1
2799,X,Rouge,1
2800,L,Vert,1
2801,X,Rouge,1
2802,L,Vert,1
2803,X,Rouge,1
2804,L,Rouge,1
2805,X,Vert,1
2806,L,Vert,1
2807,X,Vert,1
2808,L,Vert,1
2809,X,Vert,1
2810,X,Vert,1
2811,X,Vert,1
2812,X,Rouge,1
2813,L,Vert,1
2814,X,Vert,1
2815,X,Rouge,1
2816,L,Vert,1
2817,L,Vert,1
2818,L,Rouge,1
2819,L,Rouge,1
2820,L,Rouge,1
2821,X,Rouge,1
2822,L,Vert,1
2823,X,Vert,1
2824,L,Rouge,1
2825,L,Vert,1
2826,L,Vert,1
2827,X,Rouge,1
2828,L,Vert,1
2829,X,Vert,1
2830,L,Rouge,1
2831,X,Rouge,1
2832,L,Vert,1
2833,X,Rouge,1
2834,X,Rouge,1
2835,X,Rouge,1
2836,L,Rouge,1
2837,L,Rouge,1
2838,L,Rouge,1
2839,X,Vert,1
2840,L,Rouge,1
2841,X,Rouge,1
2842,L,Vert,1
2843,X,Vert,1
2844,X,Vert,1
2845,X,Rouge,1
2846,L,Vert,1
2847,X,Vert,1
2848,X,Vert,1
2849,L,Rouge,1
2850,L,Vert,1
2851,L,Vert,1
2852,X,Rouge,1
2853,X,Rouge,1
2854,L,Vert,1
2855,L,Rouge,1
2856,L,Vert,1
2857,X,Rouge,1
2858,L,Vert,1
2859,L,Rouge,1
2860,L,Rouge,1
2861,X,Vert,1
2862,X,Rouge,1
2863,X,Vert,1
2864,X,Vert,1
2865,L,Vert,1
2866,L,Vert,1
2867,L,Vert,1
2868,L,Rouge,1
2869,L,Vert,1
2870,L,Vert,1
2871,L,Rouge,1
2872,X,Rouge,1
2873,X,Vert,1
2874,X,Vert,1
2875,X,Rouge,1
2876,X,Vert,1
2877,X,Vert,1
2878,L,Rouge,1
2879,X,Rouge,1
2880,X,Rouge,1
2881,X,Rouge,1
2882,X,Rouge,1
2883,L,Vert,1
2884,X,Rouge,1
2885,X,Rouge,1
2886,L,Vert,1
2887,X,Vert,1
2888,L,Rouge,1
2889,X,Rouge,1
2890,X,Vert,1
2891,X,Vert,1
2892,L,Vert,1
2893,X,Vert,1
2894,L,Rouge,1
2895,L,Vert,1
2896,X,Rouge,1
2897,X,Rouge,1
2898,L,Vert,1
2899,X,Rouge,1
2900,L,Vert,1
2901,X,Vert,1
2902,L,Vert,1
2903,X,Vert,1
2904,X,Vert,1
2905,L,Rouge,1
2906,L,Vert,1
2907,L,Rouge,1
2908,L,Vert,1
2909,L,Vert,1
2910,X,Rouge,1
2911,X,Rouge,1
2912,X,Vert,1
2913,L,Vert,1
2914,L,Rouge,1
2915,L,Vert,1
2916,L,Rouge,1
2917,X,Rouge,1
2918,X,Rouge,1
2919,X,Rouge,1
2920,X,Rouge,1
2921,L,Rouge,1
2922,L,Vert,1
2923,X,Rouge,1
2924,L,Vert,1
2925,L,Vert,1
2926,L,Vert,1
2927,L,Rouge,1
2928,X,Vert,1
2929,X,Vert,1
2930,X,Vert,1
2931,X,Rouge,1
2932,X,Vert,1
2933,L,Vert,1
2934,L,Rouge,1
2935,X,Rouge,1
2936,L,Rouge,1
2937,L,Vert,1
2938,L,Rouge,1
2939,L,Vert,1
2940,X,Vert,1
2941,X,Vert,1
2942,X,Rouge,1
2943,X,Vert,1
2944,X,Vert,1
2945,L,Rouge,1
2946,L,Vert,1
2947,X,Rouge,1
2948,L,Rouge,1
2949,L,Vert,1
2950,L,Rouge,1
2951,L,Vert,1
2952,X,Rouge,1
2953,X,Rouge,1
2954,X,Rouge,1
2955,X,Rouge,1
2956,X,Vert,1
2957,L,Rouge,1
2958,L,Rouge,1
2959,X,Vert,1
2960,L,Rouge,1
2961,L,Rouge,1
2962,L,Vert,1
2963,L,Vert,1
2964,X,Rouge,1
2965,X,Vert,1
2966,X,Rouge,1
2967,L,Vert,1
2968,L,Vert,1
2969,L,Rouge,1
2970,X,Rouge,1
2971,L,Vert,1
2972,X,Rouge,1
2973,L,Rouge,1
2974,L,Rouge,1
2975,X,Rouge,1
2976,X,Rouge,1
2977,X,Vert,1
2978,L,Rouge,1
2979,X,Vert,1
2980,L,Vert,1
2981,L,Vert,1
2982,X,Vert,1
2983,L,Vert,1
2984,L,Rouge,1
2985,X,Rouge,1
2986,X,Vert,1
2987,X,Rouge,1
2988,L,Vert,1
2989,L,Vert,1
2990,X,Vert,1
2991,L,Vert,1
2992,X,Vert,1
2993,X,Rouge,1
2994,L,Vert,1
2995,L,Vert,1
2996,X,Rouge,1
2997,L,Vert,1
2998,L,Rouge,1
2999,L,Rouge,1
3000,X,Vert,1
3001,L,Rouge,1
3002,X,Vert,1
3003,X,Rouge,1
3004,X,Vert,1
3005,X,Vert,1
3006,L,Vert,1
3007,X,Rouge,1
3008,L,Vert,1
3009,X,Vert,1
3010,L,Vert,1
3011,L,Vert,1
3012,X,Vert,1
3013,X,Vert,1
3014,X,Rouge,1
3015,X,Vert,1
3016,L,Rouge,1
3017,X,Vert,1
3018,L,Rouge,1
3019,L,Vert,1
3020,X,Vert,1
3021,L,Vert,1
3022,X,Rouge,1
3023,X,Vert,1
3024,X,Rouge,1
3025,L,Rouge,1
3026,X,Rouge,1
3027,X,Rouge,1
3028,X,Vert,1
3029,L,Rouge,1
3030,X,Vert,1
3031,X,Vert,1
3032,L,Vert,1
3033,X,Rouge,1
3034,L,Vert,1
3035,L,Rouge,1
3036,L,Vert,1
3037,L,Vert,1
3038,L,Rouge,1
3039,L,Vert,1
3040,X,Vert,1
3041,X,Rouge,1
3042,L,Vert,1
3043,L,Vert,1
3044,L,Vert,1
3045,X,Vert,1
3046,X,Vert,1
3047,L,Vert,1
3048,L,Vert,1
3049,X,Vert,1
3050,L,Vert,1
3051,L,Rouge,1
3052,X,Rouge,1
3053,L,Vert,1
3054,X,Rouge,1
3055,X,Rouge,1
3056,X,Vert,1
3057,X,Rouge,1
3058,L,Rouge,1
3059,L,Vert,1
3060,L,Vert,1
3061,X,Vert,1
3062,X,Vert,1
3063,X,Rouge,1
3064,L,Vert,1
3065,X,Vert,1
3066,L,Vert,1
3067,L,Rouge,1
3068,L,Vert,1
3069,X,Vert,1
3070,L,Rouge,1
3071,L,Rouge,1
3072,X,Vert,1
3073,L,Rouge,1
3074,X,Rouge,1
3075,X,Rouge,1
3076,L,Rouge,1
3077,X,Vert,1
3078,L,Vert,1
3079,X,Vert,1
3080,L,Rouge,1
3081,X,Rouge,1
3082,L,Vert,1
3083,X,Rouge,1
3084,L,Rouge,1
3085,L,Rouge,1
3086,L,Rouge,1
3087,X,Vert,1
3088,X,Rouge,1
3089,X,Rouge,1
3090,X,Rouge,1
3091,X,Vert,1
3092,L,Vert,1
3093,L,Vert,1
3094,L,Vert,1
3095,X,Vert,1
3096,L,Rouge,1
3097,L,Rouge,1
3098,L,Rouge,1
3099,X,Rouge,1
3100,X,Vert,1
3101,X,Rouge,1
3102,L,Rouge,1
3103,X,Vert,1
3104,X,Rouge,1
3105,L,Vert,1
3106,X,Vert,1
3107,L,Vert,1
3108,X,Vert,1
3109,L,Rouge,1
3110,X,Vert,1
3111,X,Vert,1
3112,L,Rouge,1
3113,X,Rouge,1
3114,X,Vert,1
3115,L,Vert,1
3116,L,Rouge,1
3117,L,Rouge,1
3118,L,Vert,1
3119,X,Vert,1
3120,L,Vert,1
3121,L,Vert,1
3122,L,Rouge,1
3123,L,Rouge,1
3124,L,Rouge,1
3125,X,Rouge,1
3126,X,Vert,1
3127,X,Vert,1
3128,L,Rouge,1
3129,X,Rouge,1
3130,L,Vert,1
3131,L,Rouge,1
3132,X,Rouge,1
3133,L,Rouge,1
3134,X,Vert,1
3135,L,Vert,1
3136,X,Rouge,1
3137,X,Vert,1
3138,L,Rouge,1
3139,L,Vert,1
3140,X,Rouge,1
3141,L,Vert,1
3142,X,Vert,1
3143,X,Rouge,1
3144,X,Vert,1
3145,X,Vert,1
3146,L,Rouge,1
3147,L,Vert,1
3148,X,Vert,1
3149,X,Rouge,1
3150,X,Vert,1
3151,L,Rouge,1
3152,L,Rouge,1
3153,L,Vert,1
3154,X,Vert,1
3155,X,Vert,1
3156,L,Vert,1
3157,L,Rouge,1
3158,L,Rouge,1
3159,X,Rouge,1
3160,X,Vert,1
3161,L,Rouge,1
3162,L,Rouge,1
3163,X,Rouge,1
3164,L,Vert,1
3165,L,Vert,1
3166,L,Rouge,1
3167,X,Vert,1
3168,X,Vert,1
3169,X,Rouge,1
3170,X,Vert,1
3171,L,Vert,1
3172,L,Vert,1
3173,L,Rouge,1
3174,X,Vert,1
3175,L,Rouge,1
3176,X,Vert,1
3177,X,Vert,1
3178,X,Rouge,1
3179,X,Vert,1
3180,L,Rouge,1
3181,X,Rouge,1
3182,X,Rouge,1
3183,X,Vert,1
3184,L,Vert,1
3185,L,Vert,1
3186,X,Rouge,1
3187,L,Vert,1
3188,L,Rouge,1
3189,X,Vert,1
3190,L,Vert,1
3191,X,Vert,1
3192,L,Rouge,1
3193,L,Vert,1
3194,L,Vert,1
3195,L,Rouge,1
3196,X,Rouge,1
3197,L,Vert,1
3198,L,Rouge,1
3199,L,Vert,1
3200,X,Rouge,1
3201,L,Rouge,1
3202,L,Rouge,1
3203,L,Vert,1
3204,L,Rouge,1
3205,X,Vert,1
3206,L,Vert,1
3207,L,Rouge,1
3208,L,Rouge,1
3209,X,Rouge,1
3210,X,Rouge,1
3211,L,Rouge,1
3212,X,Rouge,1
3213,X,Rouge,1
3214,X,Vert,1
3215,X,Rouge,1
3216,X,Vert,1
3217,X,Vert,1
3218,X,Rouge,1
3219,X,Vert,1
3220,L,Vert,1
3221,L,Rouge,1
3222,X,Vert,1
3223,X,Rouge,1
3224,X,Vert,1
3225,X,Vert,1
3226,L,Rouge,1
3227,X,Vert,1
3228,L,Rouge,1
3229,X,Vert,1
3230,L,Rouge,1
3231,X,Rouge,1
3232,X,Vert,1
3233,X,Vert,1
3234,L,Rouge,1
3235,L,Rouge,1
3236,X,Vert,1
3237,L,Vert,1
3238,L,Vert,1
3239,L,Rouge,1
3240,L,Rouge,1
3241,X,Vert,1
3242,L,Rouge,1
3243,X,Vert,1
3244,X,Rouge,1
3245,L,Rouge,1
3246,L,Vert,1
3247,L,Vert,1
3248,X,Vert,1
3249,X,Rouge,1
3250,X,Rouge,1
3251,L,Rouge,1
3252,X,Rouge,1
3253,L,Rouge,1
3254,X,Vert,1
3255,X,Vert,1
3256,X,Rouge,1
3257,L,Vert,1
3258,X,Vert,1
3259,L,Rouge,1
3260,X,Rouge,1
3261,L,Rouge,1
3262,L,Rouge,1
3263,L,Vert,1
3264,X,Vert,1
3265,L,Vert,1
3266,X,Rouge,1
3267,X,Rouge,1
3268,X,Vert,1
3269,L,Vert,1
3270,X,Rouge,1
3271,L,Vert,1
3272,L,Vert,1
3273,L,Rouge,1
3274,L,Rouge,1
3275,X,Vert,1
3276,X,Vert,1
3277,L,Rouge,1
3278,X,Rouge,1
3279,X,Rouge,1
3280,X,Rouge,1
3281,L,Rouge,1
3282,X,Vert,1
3283,L,Vert,1
3284,L,Vert,1
3285,L,Vert,1
3286,L,Rouge,1
3287,X,Rouge,1
3288,X,Vert,1
3289,L,Vert,1
3290,L,Rouge,1
3291,X,Vert,1
3292,X,Rouge,1
3293,X,Rouge,1
3294,X,Rouge,1
3295,X,Rouge,1
3296,X,Rouge,1
3297,L,Rouge,1
3298,L,Rouge,1
3299,L,Vert,1
3300,L,Vert,1
3301,X,Vert,1
3302,L,Rouge,1
3303,L,Vert,1
3304,X,Vert,1
3305,L,Vert,1
3306,X,Vert,1
3307,L,Rouge,1
3308,X,Rouge,1
3309,X,Rouge,1
3310,X,Rouge,1
3311,X,Vert,1
3312,X,Rouge,1
3313,L,Vert,1
3314,L,Rouge,1
3315,L,Rouge,1
3316,X,Vert,1
3317,L,Rouge,1
3318,L,Vert,1
3319,L,Rouge,1
3320,X,Vert,1
3321,X,Rouge,1
3322,L,Rouge,1
3323,L,Rouge,1
3324,X,Vert,1
3325,X,Vert,1
3326,L,Vert,1
3327,L,Rouge,1
3328,X,Rouge,1
3329,L,Vert,1
3330,L,Rouge,1
3331,X,Vert,1
3332,X,Vert,1
3333,L,Vert,1
3334,L,Rouge,1
3335,X,Rouge,1
3336,X,Rouge,1
3337,X,Vert,1
3338,X,Rouge,1
3339,L,Vert,1
3340,L,Vert,1
3341,X,Rouge,1
3342,X,Rouge,1
3343,X,Rouge,1
3344,L,Vert,1
3345,X,Vert,1
3346,L,Rouge,1
3347,X,Rouge,1
3348,L,Vert,1
3349,L,Rouge,1
3350,X,Vert,1
3351,X,Vert,1
3352,L,Vert,1
3353,L,Vert,1
3354,L,Vert,1
3355,X,Vert,1
3356,X,Vert,1
3357,X,Vert,1
3358,X,Vert,1
3359,L,Vert,1
3360,L,Vert,1
3361,L,Rouge,1
3362,L,Rouge,1
3363,L,Vert,1
3364,X,Rouge,1
3365,X,Rouge,1
3366,L,Rouge,1
3367,X,Vert,1
3368,L,Rouge,1
3369,X,Vert,1
3370,L,Vert,1
3371,X,Vert,1
3372,L,Rouge,1
3373,X,Vert,1
3374,L,Vert,1
3375,X,Rouge,1
3376,L,Rouge,1
3377,X,Rouge,1
3378,X,Vert,1
3379,L,Vert,1
3380,X,Vert,1
3381,X,Vert,1
3382,X,Vert,1
3383,X,Rouge,1
3384,L,Rouge,1
3385,L,Vert,1
3386,X,Rouge,1
3387,L,Rouge,1
3388,L,Vert,1
3389,X,Vert,1
3390,X,Vert,1
3391,L,Rouge,1
3392,X,Rouge,1
3393,L,Rouge,1
3394,L,Rouge,1
3395,L,Rouge,1
3396,X,Vert,1
3397,L,Rouge,1
3398,X,Rouge,1
3399,L,Rouge,1
3400,L,Rouge,1
3401,L,Vert,1
3402,L,Vert,1
3403,X,Rouge,1
3404,X,Rouge,1
3405,X,Vert,1
3406,L,Rouge,1
3407,L,Rouge,1
3408,X,Vert,1
3409,X,Rouge,1
3410,X,Vert,1
3411,L,Rouge,1
3412,L,Vert,1
3413,X,Vert,1
3414,X,Rouge,1
3415,L,Rouge,1
3416,L,Rouge,1
3417,X,Rouge,1
3418,X,Rouge,1
3419,L,Vert,1
3420,L,Rouge,1
3421,X,Vert,1
3422,X,Rouge,1
3423,X,Vert,1
3424,X,Vert,1
3425,L,Vert,1
3426,L,Vert,1
3427,X,Vert,1
3428,L,Rouge,1
3429,X,Vert,1
3430,X,Vert,1
3431,X,Vert,1
3432,L,Vert,1
3433,L,Rouge,1
3434,L,Vert,1
3435,X,Rouge,1
3436,X,Rouge,1
3437,L,Rouge,1
3438,X,Rouge,1
3439,L,Vert,1
3440,L,Vert,1
3441,L,Rouge,1
3442,X,Vert,1
3443,L,Rouge,1
3444,L,Vert,1
3445,L,Vert,1
3446,X,Rouge,1
3447,X,Vert,1
3448,L,Vert,1
3449,X,Vert,1
3450,X,Rouge,1
3451,L,Vert,1
3452,L,Rouge,1
3453,L,Vert,1
3454,L,Rouge,1
3455,L,Rouge,1
3456,X,Rouge,1
3457,X,Rouge,1
3458,X,Rouge,1
3459,L,Rouge,1
3460,L,Vert,1
3461,L,Vert,1
3462,X,Rouge,1
3463,X,Rouge,1
3464,L,Vert,1
3465,X,Rouge,1
3466,X,Rouge,1
3467,X,Rouge,1
3468,L,Vert,1
3469,X,Rouge,1
3470,X,Rouge,1
3471,L,Vert,1
3472,L,Rouge,1
3473,X,Vert,1
3474,L,Vert,1
3475,L,Vert,1
3476,X,Vert,1
3477,L,Rouge,1
3478,X,Rouge,1
3479,L,Vert,1
3480,X,Vert,1
3481,X,Rouge,1
3482,X,Vert,1
3483,L,Rouge,1
3484,X,Vert,1
3485,X,Rouge,1
3486,X,Vert,1
3487,X,Vert,1
3488,X,Vert,1
3489,L,Vert,1
3490,X,Vert,1
3491,L,Rouge,1
3492,X,Rouge,1
3493,X,Rouge,1
3494,L,Vert,1
3495,X,Vert,1
3496,L,Vert,1
3497,X,Vert,1
3498,L,Rouge,1
3499,X,Rouge,1
3500,L,Rouge,1
3501,L,Vert,1
3502,L,Rouge,1
3503,L,Rouge,1
3504,X,Vert,1
3505,L,Rouge,1
3506,L,Vert,1
3507,L,Rouge,1
3508,X,Vert,1
3509,L,Rouge,1
3510,L,Rouge,1
3511,L,Vert,1
3512,X,Rouge,1
3513,L,Rouge,1
3514,L,Rouge,1
3515,X,Vert,1
3516,X,Vert,1
3517,X,Rouge,1
3518,L,Rouge,1
3519,X,Rouge,1
3520,L,Rouge,1
3521,L,Vert,1
3522,L,Rouge,1
3523,X,Vert,1
3524,L,Rouge,1
3525,L,Rouge,1
3526,X,Rouge,1
3527,X,Vert,1
3528,X,Vert,1
3529,X,Rouge,1
3530,L,Rouge,1
3531,X,Rouge,1
3532,L,Rouge,1
3533,L,Rouge,1
3534,L,Rouge,1
3535,X,Rouge,1
3536,L,Vert,1
3537,L,Vert,1
3538,L,Vert,1
3539,X,Rouge,1
3540,L,Rouge,1
3541,X,Vert,1
3542,L,Vert,1
3543,X,Vert,1
3544,L,Vert,1
3545,L,Rouge,1
3546,X,Vert,1
3547,X,Rouge,1
3548,L,Rouge,1
3549,X,Rouge,1
3550,X,Rouge,1
3551,X,Vert,1
3552,X,Vert,1
3553,L,Rouge,1
3554,X,Rouge,1
3555,L,Rouge,1
3556,L,Vert,1
3557,X,Rouge,1
3558,L,Rouge,1
3559,L,Rouge,1
3560,X,Vert,1
3561,L,Vert,1
3562,X,Vert,1
3563,X,Vert,1
3564,X,Rouge,1
3565,L,Vert,1
3566,L,Vert,1
3567,L,Vert,1
3568,L,Rouge,1
3569,X,Rouge,1
3570,X,Rouge,1
3571,L,Vert,1
3572,X,Vert,1
3573,L,Vert,1
3574,X,Vert,1
3575,L,Vert,1
3576,X,Rouge,1
3577,X,Rouge,1
3578,L,Rouge,1
3579,L,Vert,1
3580,X,Vert,1
3581,X,Rouge,1
3582,X,Vert,1
3583,X,Rouge,1
3584,L,Vert,1
3585,L,Vert,1
3586,X,Rouge,1
3587,X,Rouge,1
3588,L,Rouge,1
3589,X,Vert,1
3590,L,Rouge,1
3591,X,Rouge,1
3592,L,Rouge,1
3593,L,Rouge,1
3594,L,Rouge,1
3595,X,Vert,1
3596,L,Rouge,1
3597,L,Vert,1
3598,X,Vert,1
3599,X,Vert,1
3600,X,Rouge,1
3601,X,Rouge,1
3602,L,Rouge,1
3603,X,Rouge,1
3604,L,Rouge,1
3605,L,Rouge,1
3606,L,Vert,1
3607,X,Rouge,1
3608,L,Vert,1
3609,L,Vert,1
3610,X,Vert,1
3611,X,Vert,1
3612,X,Vert,1
3613,X,Vert,1
3614,L,Vert,1
3615,L,Rouge,1
3616,L,Vert,1
3617,L,Vert,1
3618,L,Rouge,1
3619,X,Vert,1
3620,X,Rouge,1
3621,L,Vert,1
3622,X,Rouge,1
3623,L,Vert,1
3624,L,Rouge,1
3625,X,Rouge,1
3626,X,Vert,1
3627,X,Rouge,1
3628,L,Vert,1
3629,X,Rouge,1
3630,L,Vert,1
3631,L,Rouge,1
3632,L,Rouge,1
3633,L,Vert,1
3634,L,Vert,1
3635,L,Vert,1
3636,L,Vert,1
3637,X,Rouge,1
3638,L,Vert,1
3639,X,Rouge,1
3640,L,Rouge,1
3641,X,Vert,1
3642,X,Rouge,1
3643,L,Vert,1
3644,L,Vert,1
3645,L,Vert,1
3646,X,Vert,1
3647,X,Rouge,1
3648,X,Vert,1
3649,X,Rouge,1
3650,X,Rouge,1
3651,L,Rouge,1
3652,L,Vert,1
3653,X,Vert,1
3654,X,Rouge,1
3655,X,Vert,1
3656,X,Rouge,1
3657,X,Rouge,1
3658,L,Vert,1
3659,X,Vert,1
3660,L,Rouge,1
3661,L,Rouge,1
3662,X,Vert,1
3663,L,Vert,1
3664,L,Vert,1
3665,X,Rouge,1
3666,L,Vert,1
3667,L,Rouge,1
3668,X,Rouge,1
3669,X,Rouge,1
3670,L,Rouge,1
3671,X,Rouge,1
3672,L,Rouge,1
3673,X,Rouge,1
3674,X,Vert,1
3675,L,Vert,1
3676,L,Rouge,1
3677,X,Rouge,1
3678,L,Rouge,1
3679,X,Vert,1
3680,L,Rouge,1
3681,X,Rouge,1
3682,X,Vert,1
3683,X,Rouge,1
3684,L,Vert,1
3685,X,Rouge,1
3686,X,Rouge,1
3687,L,Rouge,1
3688,L,Rouge,1
3689,L,Rouge,1
3690,X,Vert,1
3691,X,Rouge,1
3692,X,Rouge,1
3693,L,Rouge,1
3694,X,Rouge,1
3695,L,Vert,1
3696,X,Rouge,1
3697,L,Rouge,1
3698,L,Vert,1
3699,X,Vert,1
3700,X,Rouge,1
3701,X,Vert,1
3702,L,Vert,1
3703,X,Rouge,1
3704,L,Vert,1
3705,X,Rouge,1
3706,L,Rouge,1
3707,X,Rouge,1
3708,L,Rouge,1
3709,X,Vert,1
3710,X,Vert,1
3711,X,Rouge,1
3712,L,Vert,1
3713,L,Rouge,1
3714,X,Vert,1
3715,L,Vert,1
3716,X,Vert,1
3717,X,Rouge,1
3718,X,Rouge,1
3719,L,Vert,1
3720,L,Vert,1
3721,L,Vert,1
3722,X,Vert,1
3723,L,Rouge,1
3724,X,Rouge,1
3725,L,Vert,1
3726,X,Rouge,1
3727,L,Rouge,1
3728,L,Vert,1
3729,L,Rouge,1
3730,X,Vert,1
3731,L,Rouge,1
3732,L,Vert,1
3733,L,Rouge,1
3734,X,Vert,1
3735,X,Rouge,1
3736,X,Rouge,1
3737,X,Rouge,1
3738,L,Vert,1
3739,X,Vert,1
3740,L,Rouge,1
3741,L,Rouge,1
3742,X,Vert,1
3743,L,Vert,1
3744,X,Rouge,1
3745,L,Vert,1
3746,X,Rouge,1
3747,L,Vert,1
3748,L,Vert,1
3749,X,Vert,1
3750,X,Vert,1
3751,X,Rouge,1
3752,X,Rouge,1
3753,L,Vert,1
3754,X,Rouge,1
3755,X,Vert,1
3756,X,Rouge,1
3757,L,Vert,1
3758,L,Rouge,1
3759,L,Vert,1
3760,L,Vert,1
3761,X,Vert,1
3762,L,Vert,1
3763,L,Vert,1
3764,X,Rouge,1
3765,L,Rouge,1
3766,X,Rouge,1
3767,X,Rouge,1
3768,X,Vert,1
3769,L,Vert,1
3770,X,Vert,1
3771,L,Vert,1
3772,L,Rouge,1
3773,X,Rouge,1
3774,L,Rouge,1
3775,L,Rouge,1
3776,L,Rouge,1
3777,L,Rouge,1
3778,L,Rouge,1
3779,L,Rouge,1
3780,L,Rouge,1
3781,X,Rouge,1
3782,X,Rouge,1
3783,X,Rouge,1
3784,L,Vert,1
3785,L,Vert,1
3786,X,Rouge,1
3787,X,Rouge,1
3788,L,Rouge,1
3789,X,Rouge,1
3790,X,Vert,1
3791,X,Vert,1
3792,X,Rouge,1
3793,X,Rouge,1
3794,L,Vert,1
3795,L,Rouge,1
3796,X,Vert,1
3797,X,Rouge,1
3798,L,Vert,1
3799,X,Vert,1
3800,L,Rouge,1
3801,X,Vert,1
3802,X,Rouge,1
3803,L,Rouge,1
3804,L,Rouge,1
3805,L,Vert,1
3806,L,Rouge,1
3807,X,Vert,1
3808,L,Vert,1
3809,L,Vert,1
3810,X,Rouge,1
3811,X,Rouge,1
3812,L,Rouge,1
3813,X,Vert,1
3814,X,Vert,1
3815,X,Rouge,1
3816,L,Rouge,1
3817,L,Vert,1
3818,X,Vert,1
3819,X,Vert,1
3820,L,Vert,1
3821,X,Rouge,1
3822,L,Rouge,1
3823,X,Rouge,1
3824,L,Rouge,1
3825,L,Rouge,1
3826,L,Rouge,1
3827,X,Vert,1
3828,L,Rouge,1
3829,X,Vert,1
3830,L,Rouge,1
3831,X,Vert,1
3832,L,Rouge,1
3833,X,Vert,1
3834,X,Vert,1
3835,L,Vert,1
3836,X,Rouge,1
3837,L,Rouge,1
3838,L,Rouge,1
3839,X,Rouge,1
3840,X,Rouge,1
3841,X,Vert,1
3842,L,Rouge,1
3843,L,Rouge,1
3844,X,Rouge,1
3845,X,Vert,1
3846,L,Vert,1
3847,L,Vert,1
3848,X,Vert,1
3849,L,Rouge,1
3850,X,Vert,1
3851,L,Vert,1
3852,L,Vert,1
3853,L,Rouge,1
3854,L,Vert,1
3855,X,Vert,1
3856,X,Vert,1
3857,L,Vert,1
3858,X,Rouge,1
3859,X,Vert,1
3860,X,Rouge,1
3861,L,Vert,1
3862,L,Vert,1
3863,X,Rouge,1
3864,L,Rouge,1
3865,X,Vert,1
3866,X,Rouge,1
3867,L,Vert,1
3868,X,Rouge,1
3869,X,Vert,1
3870,L,Rouge,1
3871,X,Vert,1
3872,L,Vert,1
3873,X,Rouge,1
3874,L,Vert,1
3875,L,Vert,1
3876,L,Rouge,1
3877,L,Rouge,1
3878,L,Rouge,1
3879,X,Vert,1
3880,L,Rouge,1
3881,X,Vert,1
3882,L,Vert,1
3883,X,Rouge,1
3884,X,Vert,1
3885,L,Rouge,1
3886,X,Vert,1
3887,X,Vert,1
3888,X,Vert,1
3889,X,Vert,1
3890,L,Vert,1
3891,L,Rouge,1
3892,X,Vert,1
3893,L,Rouge,1
3894,X,Rouge,1
3895,L,Vert,1
3896,L,Rouge,1
3897,L,Vert,1
3898,X,Rouge,1
3899,L,Vert,1
3900,L,Rouge,1
3901,X,Rouge,1
3902,L,Rouge,1
3903,X,Vert,1
3904,L,Rouge,1
3905,X,Vert,1
3906,L,Vert,1
3907,X,Vert,1
3908,X,Rouge,1
3909,L,Vert,1
3910,X,Vert,1
3911,X,Rouge,1
3912,L,Vert,1
3913,X,Rouge,1
3914,X,Vert,1
3915,L,Vert,1
3916,L,Vert,1
3917,X,Vert,1
3918,X,Vert,1
3919,X,Rouge,1
3920,X,Vert,1
3921,X,Rouge,1
3922,L,Rouge,1
3923,L,Rouge,1
3924,X,Rouge,1
3925,L,Vert,1
3926,L,Vert,1
3927,X,Rouge,1
3928,L,Rouge,1
3929,L,Rouge,1
3930,X,Vert,1
3931,L,Rouge,1
3932,L,Vert,1
3933,X,Vert,1
3934,L,Rouge,1
3935,X,Rouge,1
3936,X,Vert,1
3937,X,Vert,1
3938,L,Rouge,1
3939,L,Rouge,1
3940,X,Vert,1
3941,X,Vert,1
3942,X,Vert,1
3943,L,Vert,1
3944,L,Vert,1
3945,L,Rouge,1
3946,L,Rouge,1
3947,X,Rouge,1
3948,L,Rouge,1
3949,L,Vert,1
3950,L,Rouge,1
3951,X,Rouge,1
3952,L,Vert,1
3953,X,Rouge,1
3954,X,Vert,1
3955,L,Vert,1
3956,X,Rouge,1
3957,L,Vert,1
3958,L,Vert,1
3959,X,Rouge,1
3960,X,Rouge,1
3961,X,Vert,1
3962,X,Rouge,1
3963,X,Vert,1
3964,X,Rouge,1
3965,L,Vert,1
3966,X,Vert,1
3967,L,Vert,1
3968,X,Vert,1
3969,X,Vert,1
3970,L,Vert,1
3971,L,Vert,1
3972,L,Vert,1
3973,L,Vert,1
3974,X,Rouge,1
3975,X,Rouge,1
3976,L,Vert,1
3977,X,Vert,1
3978,X,Vert,1
3979,X,Rouge,1
3980,L,Rouge,1
3981,X,Rouge,1
3982,X,Rouge,1
3983,L,Vert,1
3984,X,Vert,1
3985,X,Rouge,1
3986,X,Vert,1
3987,L,Rouge,1
3988,L,Vert,1
3989,L,Rouge,1
3990,L,Rouge,1
3991,L,Vert,1
3992,X,Vert,1
3993,L,Vert,1
3994,L,Rouge,1
3995,X,Vert,1
3996,L,Vert,1
3997,L,Vert,1
3998,X,Rouge,1
3999,X,Vert,1
4000,X,Rouge,1
4001,X,Rouge,1
4002,X,Vert,1
4003,L,Rouge,1
4004,L,Rouge,1
4005,L,Vert,1
4006,X,Vert,1
4007,L,Vert,1
4008,X,Rouge,1
4009,X,Rouge,1
4010,L,Rouge,1
4011,X,Rouge,1
4012,L,Vert,1
4013,L,Vert,1
4014,X,Rouge,1
4015,L,Rouge,1
4016,X,Rouge,1
4017,X,Vert,1
4018,L,Vert,1
4019,L,Rouge,1
4020,L,Vert,1
4021,X,Rouge,1
4022,L,Rouge,1
4023,L,Vert,1
4024,X,Rouge,1
4025,X,Rouge,1
4026,X,Rouge,1
4027,L,Vert,1
4028,L,Vert,1
4029,X,Rouge,1
4030,L,Vert,1
4031,L,Vert,1
4032,X,Vert,1
4033,L,Vert,1
4034,L,Vert,1
4035,X,Vert,1
4036,L,Vert,1
4037,L,Vert,1
4038,X,Rouge,1
4039,L,Vert,1
4040,X,Rouge,1
4041,L,Vert,1
4042,L,Rouge,1
4043,X,Vert,1
4044,X,Vert,1
4045,X,Rouge,1
4046,L,Rouge,1
4047,X,Vert,1
4048,X,Rouge,1
4049,L,Vert,1
4050,X,Vert,1
4051,X,Vert,1
4052,L,Vert,1
4053,X,Vert,1
4054,L,Vert,1
4055,L,Rouge,1
4056,X,Vert,1
4057,X,Vert,1
4058,L,Vert,1
4059,X,Rouge,1
4060,L,Vert,1
4061,L,Rouge,1
4062,X,Rouge,1
4063,L,Vert,1
4064,X,Rouge,1
4065,L,Vert,1
4066,L,Rouge,1
4067,X,Vert,1
4068,X,Vert,1
4069,L,Vert,1
4070,X,Vert,1
4071,L,Vert,1
4072,L,Rouge,1
4073,L,Rouge,1
4074,X,Rouge,1
4075,X,Rouge,1
4076,L,Vert,1
4077,L,Rouge,1
4078,X,Vert,1
4079,X,Vert,1
4080,X,Rouge,1
4081,L,Vert,1
4082,X,Rouge,1
4083,L,Rouge,1
4084,L,Rouge,1
4085,L,Vert,1
4086,X,Vert,1
4087,X,Rouge,1
4088,L,Vert,1
4089,L,Vert,1
4090,X,Rouge,1
4091,X,Vert,1
4092,X,Rouge,1
4093,L,Rouge,1
4094,X,Rouge,1
4095,L,Vert,1
4096,L,Vert,1
4097,L,Rouge,1
4098,X,Vert,1
4099,X,Vert,1
4100,L,Rouge,1
4101,L,Vert,1
4102,X,Vert,1
4103,X,Rouge,1
4104,X,Rouge,1
4105,L,Rouge,1
4106,X,Vert,1
4107,L,Rouge,1
4108,L,Rouge,1
4109,L,Rouge,1
4110,X,Vert,1
4111,X,Rouge,1
4112,L,Vert,1
4113,L,Vert,1
4114,X,Rouge,1
4115,X,Vert,1
4116,X,Rouge,1
4117,L,Rouge,1
4118,X,Rouge,1
4119,L,Rouge,1
4120,L,Vert,1
4121,L,Vert,1
4122,X,Rouge,1
4123,X,Vert,1
4124,L,Vert,1
4125,L,Rouge,1
4126,X,Rouge,1
4127,X,Vert,1
4128,X,Rouge,1
4129,L,Rouge,1
4130,X,Rouge,1
4131,L,Rouge,1
4132,L,Rouge,1
4133,X,Vert,1
4134,X,Vert,1
4135,L,Rouge,1
4136,X,Rouge,1
4137,L,Vert,1
4138,X,Vert,1
4139,L,Rouge,1
4140,L,Vert,1
4141,X,Rouge,1
4142,X,Rouge,1
4143,X,Vert,1
4144,L,Rouge,1
4145,X,Vert,1
4146,L,Vert,1
4147,X,Vert,1
4148,X,Rouge,1
4149,L,Vert,1
4150,L,Rouge,1
4151,L,Rouge,1
4152,X,Rouge,1
4153,X,Rouge,1
4154,X,Vert,1
4155,L,Rouge,1
4156,X,Rouge,1
4157,L,Vert,1
4158,X,Vert,1
4159,L,Rouge,1
4160,L,Rouge,1
4161,X,Rouge,1
4162,L,Vert,1
4163,L,Vert,1
4164,L,Vert,1
4165,L,Rouge,1
4166,X,Vert,1
4167,X,Rouge,1
4168,X,Vert,1
4169,X,Rouge,1
4170,X,Rouge,1
4171,L,Vert,1
4172,X,Vert,1
4173,L,Rouge,1
4174,X,Rouge,1
4175,L,Rouge,1
4176,L,Vert,1
4177,L,Rouge,1
4178,X,Vert,1
4179,L,Rouge,1
4180,X,Vert,1
4181,X,Vert,1
4182,L,Vert,1
4183,X,Rouge,1
4184,L,Vert,1
4185,X,Vert,1
4186,X,Rouge,1
4187,L,Rouge,1
4188,X,Rouge,1
4189,L,Vert,1
4190,X,Vert,1
4191,L,Vert,1
4192,L,Vert,1
4193,X,Vert,1
4194,L,Vert,1
4195,L,Vert,1
4196,X,Rouge,1
4197,X,Vert,1
4198,L,Vert,1
4199,L,Rouge,1
4200,X,Rouge,1
4201,X,Rouge,1
4202,L,Vert,1
4203,L,Vert,1
4204,L,Rouge,1
4205,L,Rouge,1
4206,X,Vert,1
4207,X,Vert,1
4208,X,Rouge,1
4209,L,Rouge,1
4210,L,Vert,1
4211,L,Vert,1
4212,X,Vert,1
4213,X,Rouge,1
4214,L,Vert,1
4215,X,Vert,1
4216,X,Rouge,1
4217,L,Rouge,1
4218,X,Vert,1
4219,L,Rouge,1
4220,X,Rouge,1
4221,L,Rouge,1
4222,L,Rouge,1
4223,X,Rouge,1
4224,L,Vert,1
4225,X,Rouge,1
4226,L,Vert,1
4227,L,Vert,1
4228,X,Rouge,1
4229,L,Vert,1
4230,X,Vert,1
4231,L,Vert,1
4232,X,Rouge,1
4233,X,Rouge,1
4234,L,Rouge,1
4235,L,Vert,1
4236,L,Vert,1
4237,X,Rouge,1
4238,L,Rouge,1
4239,L,Rouge,1
4240,X,Rouge,1
4241,X,Vert,1
4242,X,Vert,1
4243,L,Rouge,1
4244,X,Rouge,1
4245,X,Vert,1
4246,X,Vert,1
4247,X,Rouge,1
4248,L,Rouge,1
4249,L,Vert,1
4250,X,Vert,1
4251,L,Rouge,1
4252,L,Rouge,1
4253,L,Rouge,1
4254,X,Rouge,1
4255,X,Rouge,1
4256,X,Vert,1
4257,L,Vert,1
4258,L,Vert,1
4259,X,Rouge,1
4260,L,Vert,1
4261,X,Vert,1
4262,L,Rouge,1
4263,X,Rouge,1
4264,L,Vert,1
4265,L,Rouge,1
4266,L,Rouge,1
4267,X,Vert,1
4268,X,Vert,1
4269,L,Vert,1
4270,X,Vert,1
4271,X,Vert,1
4272,X,Vert,1
4273,X,Vert,1
4274,X,Rouge,1
4275,L,Rouge,1
4276,L,Vert,1
4277,X,Rouge,1
4278,L,Rouge,1
4279,L,Vert,1
4280,X,Rouge,1
4281,X,Vert,1
4282,X,Rouge,1
4283,L,Vert,1
4284,L,Vert,1
4285,L,Vert,1
4286,L,Vert,1
4287,L,Rouge,1
4288,X,Rouge,1
4289,L,Vert,1
4290,X,Vert,1
4291,L,Rouge,1
4292,X,Vert,1
4293,X,Vert,1
4294,X,Vert,1
4295,X,Rouge,1
4296,L,Rouge,1
4297,X,Vert,1
4298,L,Rouge,1
4299,L,Vert,1
4300,L,Rouge,1
4301,L,Vert,1
4302,X,Rouge,1
4303,L,Vert,1
4304,X,Vert,1
4305,L,Rouge,1
4306,X,Vert,1
4307,X,Vert,1
4308,L,Vert,1
4309,X,Rouge,1
4310,L,Rouge,1
4311,L,Vert,1
4312,L,Rouge,1
4313,X,Rouge,1
4314,X,Rouge,1
4315,L,Vert,1
4316,X,Vert,1
4317,X,Rouge,1
4318,X,Rouge,1
4319,X,Vert,1
4320,L,Rouge,1
4321,L,Vert,1
4322,X,Rouge,1
4323,X,Rouge,1
4324,L,Rouge,1
4325,X,Rouge,1
4326,X,Vert,1
4327,L,Vert,1
4328,L,Rouge,1
4329,X,Rouge,1
4330,X,Rouge,1
4331,X,Vert,1
4332,X,Vert,1
4333,X,Rouge,1
4334,L,Rouge,1
4335,L,Rouge,1
4336,X,Rouge,1
4337,L,Vert,1
4338,L,Rouge,1
4339,X,Vert,1
4340,X,Rouge,1
4341,L,Rouge,1
4342,X,Rouge,1
4343,L,Vert,1
4344,X,Rouge,1
4345,L,Rouge,1
4346,X,Rouge,1
4347,L,Rouge,1
4348,L,Rouge,1
4349,X,Vert,1
4350,X,Vert,1
4351,L,Vert,1
4352,L,Vert,1
4353,L,Vert,1
4354,X,Rouge,1
4355,L,Rouge,1
4356,L,Vert,1
4357,L,Rouge,1
4358,L,Vert,1
4359,L,Rouge,1
4360,X,Rouge,1
4361,L,Vert,1
4362,L,Vert,1
4363,L,Vert,1
4364,X,Rouge,1
4365,X,Rouge,1
4366,X,Vert,1
4367,X,Vert,1
4368,L,Rouge,1
4369,X,Rouge,1
4370,L,Vert,1
4371,L,Vert,1
4372,X,Vert,1
4373,L,Rouge,1
4374,L,Rouge,1
4375,L,Rouge,1
4376,X,Vert,1
4377,X,Vert,1
4378,X,Vert,1
4379,X,Rouge,1
4380,L,Vert,1
4381,X,Rouge,1
4382,L,Rouge,1
4383,L,Rouge,1
4384,X,Rouge,1
4385,L,Vert,1
4386,L,Rouge,1
4387,L,Rouge,1
4388,X,Vert,1
4389,X,Rouge,1
4390,X,Rouge,1
4391,X,Rouge,1
4392,L,Rouge,1
4393,X,Rouge,1
4394,L,Rouge,1
4395,L,Rouge,1
4396,X,Vert,1
4397,L,Vert,1
4398,L,Vert,1
4399,L,Rouge,1
4400,X,Rouge,1
4401,X,Vert,1
4402,X,Vert,1
4403,X,Vert,1
4404,L,Rouge,1
4405,X,Rouge,1
4406,L,Vert,1
4407,L,Vert,1
4408,X,Rouge,1
4409,L,Vert,1
4410,L,Vert,1
4411,L,Rouge,1
4412,X,Rouge,1
4413,X,Vert,1
4414,X,Rouge,1
4415,X,Vert,1
4416,L,Rouge,1
4417,X,Vert,1
4418,L,Vert,1
4419,L,Rouge,1
4420,X,Vert,1
4421,L,Rouge,1
4422,L,Vert,1
4423,L,Vert,1
4424,X,Vert,1
4425,X,Vert,1
4426,X,Rouge,1
4427,X,Vert,1
4428,L,Rouge,1
4429,X,Rouge,1
4430,X,Rouge,1
4431,L,Vert,1
4432,L,Vert,1
4433,L,Rouge,1
4434,X,Rouge,1
4435,X,Rouge,1
4436,X,Rouge,1
4437,L,Rouge,1
4438,L,Rouge,1
4439,X,Rouge,1
4440,L,Vert,1
4441,X,Vert,1
4442,L,Rouge,1
4443,L,Rouge,1
4444,X,Vert,1
4445,X,Vert,1
4446,L,Rouge,1
4447,X,Vert,1
4448,L,Vert,1
4449,X,Rouge,1
4450,L,Vert,1
4451,X,Vert,1
4452,L,Rouge,1
4453,L,Rouge,1
4454,L,Vert,1
4455,L,Rouge,1
4456,X,Rouge,1
4457,X,Vert,1
4458,X,Vert,1
4459,L,Rouge,1
4460,X,Vert,1
4461,X,Rouge,1
4462,L,Vert,1
4463,X,Rouge,1
4464,X,Vert,1
4465,L,Rouge,1
4466,X,Rouge,1
4467,X,Rouge,1
4468,L,Vert,1
4469,L,Rouge,1
4470,L,Rouge,1
4471,L,Rouge,1
4472,L,Vert,1
4473,X,Rouge,1
4474,X,Rouge,1
4475,X,Vert,1
4476,X,Vert,1
4477,L,Vert,1
4478,X,Vert,1
4479,L,Rouge,1
4480,L,Vert,1
4481,L,Rouge,1
4482,L,Rouge,1
4483,L,Rouge,1
4484,X,Rouge,1
4485,X,Rouge,1
4486,X,Rouge,1
4487,X,Vert,1
4488,X,Vert,1
4489,X,Vert,1
4490,L,Vert,1
4491,X,Vert,1
4492,L,Vert,1
4493,L,Rouge,1
4494,L,Vert,1
4495,L,Vert,1
4496,X,Vert,1
4497,X,Rouge,1
4498,X,Rouge,1
4499,X,Rouge,1
4500,L,Rouge,1
4501,L,Rouge,1
4502,L,Rouge,1
4503,X,Vert,1
4504,X,Rouge,1
4505,X,Vert,1
4506,X,Vert,1
4507,L,Rouge,1
4508,L,Rouge,1
4509,X,Vert,1
4510,L,Rouge,1
4511,L,Vert,1
4512,X,Rouge,1
4513,L,Rouge,1
4514,L,Rouge,1
4515,X,Vert,1
4516,L,Rouge,1
4517,L,Vert,1
4518,X,Vert,1
4519,L,Vert,1
4520,X,Rouge,1
4521,L,Vert,1
4522,X,Rouge,1
4523,L,Rouge,1
4524,X,Rouge,1
4525,L,Rouge,1
4526,L,Vert,1
4527,L,Vert,1
4528,X,Vert,1
4529,L,Vert,1
4530,L,Rouge,1
4531,X,Rouge,1
4532,X,Vert,1
4533,X,Vert,1
4534,L,Rouge,1
4535,X,Rouge,1
4536,L,Vert,1
4537,X,Vert,1
4538,L,Rouge,1
4539,X,Rouge,1
4540,X,Rouge,1
4541,X,Rouge,1
4542,X,Rouge,1
4543,X,Vert,1
4544,L,Vert,1
4545,L,Rouge,1
4546,L,Rouge,1
4547,X,Rouge,1
4548,L,Rouge,1
4549,X,Rouge,1
4550,X,Vert,1
4551,L,Vert,1
4552,X,Vert,1
4553,X,Vert,1
4554,L,Vert,1
4555,L,Rouge,1
4556,L,Vert,1
4557,L,Vert,1
4558,X,Rouge,1
4559,L,Vert,1
4560,X,Rouge,1
4561,X,Rouge,1
4562,L,Vert,1
4563,X,Rouge,1
4564,X,Rouge,1
4565,X,Vert,1
4566,X,Vert,1
4567,X,Rouge,1
4568,L,Vert,1
4569,L,Rouge,1
4570,L,Rouge,1
4571,L,Rouge,1
4572,X,Rouge,1
4573,L,Vert,1
4574,X,Vert,1
4575,X,Rouge,1
4576,L,Vert,1
4577,X,Vert,1
4578,X,Vert,1
4579,L,Vert,1
4580,L,Vert,1
4581,L,Rouge,1
4582,X,Rouge,1
4583,L,Rouge,1
4584,L,Rouge,1
4585,X,Vert,1
4586,X,Rouge,1
4587,L,Vert,1
4588,L,Vert,1
4589,X,Rouge,1
4590,X,Rouge,1
4591,X,Vert,1
4592,X,Vert,1
4593,X,Vert,1
4594,L,Rouge,1
4595,L,Vert,1
4596,L,Vert,1
4597,X,Rouge,1
4598,L,Rouge,1
4599,L,Vert,1
4600,L,Rouge,1
4601,X,Vert,1
4602,X,Rouge,1
4603,X,Rouge,1
4604,L,Rouge,1
4605,L,Vert,1
4606,X,Rouge,1
4607,L,Rouge,1
4608,X,Rouge,1
4609,X,Rouge,1
4610,X,Vert,1
4611,L,Vert,1
4612,X,Rouge,1
4613,X,Rouge,1
4614,L,Vert,1
4615,L,Vert,1
4616,L,Rouge,1
4617,X,Rouge,1
4618,L,Rouge,1
4619,X,Vert,1
4620,L,Rouge,1
4621,L,Vert,1
4622,L,Vert,1
4623,X,Vert,1
4624,X,Rouge,1
4625,X,Rouge,1
4626,L,Rouge,1
4627,L,Rouge,1
4628,X,Vert,1
4629,X,Vert,1
4630,X,Rouge,1
4631,X,Rouge,1
4632,L,Rouge,1
4633,L,Rouge,1
4634,L,Rouge,1
4635,L,Vert,1
4636,X,Vert,1
4637,L,Vert,1
4638,L,Vert,1
4639,L,Vert,1
4640,X,Rouge,1
4641,L,Rouge,1
4642,L,Vert,1
4643,X,Rouge,1
4644,L,Vert,1
4645,X,Vert,1
4646,X,Vert,1
4647,L,Vert,1
4648,X,Vert,1
4649,X,Rouge,1
4650,L,Vert,1
4651,X,Rouge,1
4652,L,Rouge,1
4653,L,Rouge,1
4654,L,Vert,1
4655,X,Rouge,1
4656,X,Rouge,1
4657,X,Rouge,1
4658,X,Rouge,1
4659,L,Rouge,1
4660,X,Rouge,1
4661,L,Rouge,1
4662,L,Vert,1
4663,L,Rouge,1
4664,X,Rouge,1
4665,X,Rouge,1
4666,L,Rouge,1
4667,X,Vert,1
4668,L,Vert,1
4669,X,Rouge,1
4670,X,Vert,1
4671,L,Rouge,1
4672,X,Rouge,1
4673,L,Vert,1
4674,L,Rouge,1
4675,L,Rouge,1
4676,X,Vert,1
4677,X,Rouge,1
4678,L,Rouge,1
4679,X,Vert,1
4680,L,Rouge,1
4681,X,Vert,1
4682,L,Vert,1
4683,L,Rouge,1
4684,L,Rouge,1
4685,L,Vert,1
4686,X,Vert,1
4687,X,Rouge,1
4688,X,Vert,1
4689,X,Vert,1
4690,L,Rouge,1
4691,X,Vert,1
4692,L,Vert,1
4693,X,Vert,1
4694,L,Vert,1
4695,L,Vert,1
4696,L,Vert,1
4697,X,Rouge,1
4698,L,Rouge,1
4699,L,Vert,1
4700,X,Rouge,1
4701,X,Vert,1
4702,X,Rouge,1
4703,L,Vert,1
4704,X,Rouge,1
4705,L,Vert,1
4706,X,Vert,1
4707,X,Vert,1
4708,X,Rouge,1
4709,X,Rouge,1
4710,L,Vert,1
4711,L,Vert,1
4712,X,Vert,1
4713,X,Rouge,1
4714,X,Vert,1
4715,L,Vert,1
4716,X,Vert,1
4717,X,Rouge,1
4718,L,Vert,1
4719,L,Vert,1
4720,L,Vert,1
4721,X,Vert,1
4722,L,Rouge,1
4723,X,Vert,1
4724,L,Vert,1
4725,L,Rouge,1
4726,L,Rouge,1
4727,X,Vert,1
4728,L,Rouge,1
4729,X,Rouge,1
4730,L,Rouge,1
4731,L,Rouge,1
4732,L,Rouge,1
4733,X,Vert,1
4734,L,Vert,1
4735,L,Vert,1
4736,X,Rouge,1
4737,X,Vert,1
4738,X,Vert,1
4739,L,Rouge,1
4740,L,Rouge,1
4741,X,Vert,1
4742,X,Rouge,1
4743,X,Vert,1
4744,L,Rouge,1
4745,L,Rouge,1
4746,L,Rouge,1
4747,X,Rouge,1
4748,X,Rouge,1
4749,X,Rouge,1
4750,X,Rouge,1
4751,X,Vert,1
4752,L,Vert,1
4753,L,Vert,1
4754,L,Rouge,1
4755,L,Rouge,1
4756,L,Rouge,1
4757,L,Rouge,1
4758,L,Vert,1
4759,X,Vert,1
4760,L,Vert,1
4761,X,Rouge,1
4762,X,Rouge,1
4763,X,Rouge,1
4764,X,Rouge,1
4765,X,Vert,1
4766,L,Vert,1
4767,X,Vert,1
4768,X,Vert,1
4769,L,Rouge,1
4770,X,Rouge,1
4771,X,Rouge,1
4772,L,Vert,1
4773,X,Vert,1
4774,L,Rouge,1
4775,X,Rouge,1
4776,X,Rouge,1
4777,X,Vert,1
4778,X,Vert,1
4779,L,Vert,1
4780,L,Rouge,1
4781,X,Vert,1
4782,L,Rouge,1
4783,X,Rouge,1
4784,L,Rouge,1
4785,L,Rouge,1
4786,X,Vert,1
4787,L,Rouge,1
4788,X,Rouge,1
4789,L,Rouge,1
4790,X,Rouge,1
4791,L,Vert,1
4792,X,Vert,1
4793,L,Rouge,1
4794,L,Rouge,1
4795,X,Vert,1
4796,X,Rouge,1
4797,L,Rouge,1
4798,L,Vert,1
4799,L,Vert,1
4800,X,Vert,1
4801,L,Vert,1
4802,X,Rouge,1
4803,L,Vert,1
4804,X,Vert,1
4805,X,Rouge,1
4806,L,Rouge,1
4807,X,Rouge,1
4808,X,Rouge,1
4809,L,Vert,1
4810,L,Rouge,1
4811,X,Rouge,1
4812,L,Vert,1
4813,X,Rouge,1
4814,L,Rouge,1
4815,L,Rouge,1
4816,L,Vert,1
4817,X,Vert,1
4818,X,Rouge,1
4819,X,Rouge,1
4820,X,Rouge,1
4821,L,Vert,1
4822,L,Vert,1
4823,X,Rouge,1
4824,X,Rouge,1
4825,L,Rouge,1
4826,X,Vert,1
4827,X,Rouge,1
4828,L,Vert,1
4829,L,Rouge,1
4830,L,Rouge,1
4831,X,Vert,1
4832,L,Rouge,1
4833,X,Rouge,1
4834,L,Vert,1
4835,L,Rouge,1
4836,L,Vert,1
4837,X,Rouge,1
4838,L,Rouge,1
4839,X,Rouge,1
4840,L,Rouge,1
4841,X,Vert,1
4842,X,Vert,1
4843,L,Vert,1
4844,X,Vert,1
4845,X,Vert,1
4846,X,Rouge,1
4847,X,Rouge,1
4848,X,Vert,1
4849,L,Vert,1
4850,L,Vert,1
4851,L,Rouge,1
4852,X,Vert,1
4853,L,Rouge,1
4854,X,Vert,1
4855,X,Rouge,1
4856,L,Vert,1
4857,L,Vert,1
4858,X,Rouge,1
4859,L,Vert,1
4860,X,Rouge,1
4861,L,Vert,1
4862,X,Rouge,1
4863,L,Rouge,1
4864,X,Vert,1
4865,L,Rouge,1
4866,L,Rouge,1
4867,L,Rouge,1
4868,L,Vert,1
4869,X,Rouge,1
4870,L,Vert,1
4871,X,Vert,1
4872,L,Vert,1
4873,X,Rouge,1
4874,L,Rouge,1
4875,X,Vert,1
4876,X,Rouge,1
4877,X,Vert,1
4878,L,Rouge,1
4879,L,Rouge,1
4880,X,Rouge,1
4881,X,Rouge,1
4882,X,Rouge,1
4883,X,Vert,1
4884,L,Vert,1
4885,X,Vert,1
4886,X,Vert,1
4887,L,Vert,1
4888,X,Vert,1
4889,L,Vert,1
4890,L,Vert,1
4891,X,Rouge,1
4892,L,Rouge,1
4893,X,Rouge,1
4894,L,Rouge,1
4895,L,Rouge,1
4896,X,Vert,1
4897,L,Rouge,1
4898,L,Vert,1
4899,X,Rouge,1
4900,X,Rouge,1
4901,X,Vert,1
4902,L,Rouge,1
4903,L,Rouge,1
4904,L,Vert,1
4905,L,Rouge,1
4906,X,Rouge,1
4907,L,Rouge,1
4908,X,Rouge,1
4909,L,Rouge,1
4910,L,Rouge,1
4911,L,Vert,1
4912,X,Vert,1
4913,L,Rouge,1
4914,X,Rouge,1
4915,X,Rouge,1
4916,L,Rouge,1
4917,X,Vert,1
4918,L,Rouge,1
4919,X,Rouge,1
4920,X,Vert,1
4921,L,Rouge,1
4922,L,Rouge,1
4923,L,Rouge,1
4924,L,Vert,1
4925,X,Vert,1
4926,X,Vert,1
4927,X,Rouge,1
4928,L,Vert,1
4929,X,Rouge,1
4930,X,Vert,1
4931,L,Rouge,1
4932,L,Vert,1
4933,X,Vert,1
4934,L,Rouge,1
4935,L,Rouge,1
4936,L,Vert,1
4937,L,Rouge,1
4938,X,Vert,1
4939,X,Vert,1
4940,X,Vert,1
4941,L,Vert,1
4942,X,Rouge,1
4943,X,Vert,1
4944,X,Vert,1
4945,X,Rouge,1
4946,X,Vert,1
4947,X,Vert,1
4948,L,Rouge,1
4949,L,Vert,1
4950,L,Vert,1
4951,L,Vert,1
4952,X,Vert,1
4953,X,Vert,1
4954,X,Rouge,1
4955,X,Vert,1
4956,L,Rouge,1
4957,L,Rouge,1
4958,L,Rouge,1
4959,L,Rouge,1
4960,L,Vert,1
4961,X,Rouge,1
4962,L,Rouge,1
4963,L,Rouge,1
4964,X,Vert,1
4965,X,Rouge,1
4966,X,Rouge,1
4967,L,Rouge,1
4968,X,Vert,1
4969,L,Rouge,1
4970,X,Rouge,1
4971,X,Rouge,1
4972,L,Rouge,1
4973,L,Vert,1
4974,L,Vert,1
4975,X,Vert,1
4976,L,Vert,1
4977,X,Rouge,1
4978,X,Vert,1
4979,X,Vert,1
4980,L,Rouge,1
4981,L,Vert,1
4982,L,Rouge,1
4983,X,Vert,1
4984,L,Rouge,1
4985,X,Rouge,1
4986,X,Rouge,1
4987,L,Rouge,1
4988,L,Vert,1
4989,X,Rouge,1
4990,X,Rouge,1
4991,X,Rouge,1
4992,X,Vert,1
4993,X,Rouge,1
4994,L,Vert,1
4995,L,Rouge,1
4996,X,Rouge,1
4997,L,Rouge,1
4998,L,Rouge,1
4999,L,Vert,1
5000,L,Vert,1
5001,L,Vert,1
5002,X,Vert,1
5003,L,Vert,1
5004,X,Rouge,1
5005,X,Vert,1
5006,X,Vert,1
5007,X,Rouge,1
5008,X,Vert,1
5009,X,Vert,1
5010,L,Rouge,1
5011,X,Vert,1
5012,L,Rouge,1
5013,L,Rouge,1
5014,L,Rouge,1
5015,X,Vert,1
5016,X,Rouge,1
5017,L,Rouge,1
5018,L,Vert,1
5019,X,Vert,1
5020,L,Rouge,1
5021,X,Vert,1
5022,L,Vert,1
5023,X,Vert,1
5024,X,Vert,1
5025,L,Vert,1
5026,X,Vert,1
5027,L,Rouge,1
5028,L,Vert,1
5029,L,Rouge,1
5030,L,Rouge,1
5031,X,Rouge,1
5032,X,Rouge,1
5033,L,Rouge,1
5034,L,Vert,1
5035,L,Vert,1
5036,L,Rouge,1
5037,L,Rouge,1
5038,X,Rouge,1
5039,X,Vert,1
5040,X,Rouge,1
5041,X,Rouge,1
5042,L,Rouge,1
5043,X,Rouge,1
5044,L,Vert,1
5045,X,Vert,1
5046,X,Rouge,1
5047,X,Rouge,1
5048,X,Vert,1
5049,X,Vert,1
5050,L,Vert,1
5051,L,Rouge,1
5052,X,Vert,1
5053,X,Rouge,1
5054,X,Rouge,1
5055,X,Rouge,1
5056,X,Vert,1
5057,L,Rouge,1
5058,X,Rouge,1
5059,L,Vert,1
5060,L,Rouge,1
5061,L,Rouge,1
5062,L,Vert,1
5063,L,Rouge,1
5064,L,Rouge,1
5065,L,Rouge,1
5066,L,Vert,1
5067,L,Vert,1
5068,L,Vert,1
5069,L,Rouge,1
5070,X,Vert,1
5071,L,Vert,1
5072,L,Rouge,1
5073,X,Rouge,1
5074,X,Rouge,1
5075,X,Vert,1
5076,X,Rouge,1
5077,X,Vert,1
5078,L,Vert,1
5079,L,Rouge,1
5080,L,Vert,1
5081,X,Vert,1
5082,L,Vert,1
5083,X,Vert,1
5084,X,Rouge,1
5085,L,Rouge,1
5086,L,Rouge,1
5087,X,Rouge,1
5088,L,Vert,1
5089,X,Rouge,1
5090,X,Vert,1
5091,L,Rouge,1
5092,X,Vert,1
5093,L,Vert,1
5094,X,Rouge,1
5095,X,Rouge,1
5096,X,Rouge,1
5097,X,Rouge,1
5098,X,Rouge,1
5099,L,Rouge,1
5100,L,Vert,1
5101,L,Rouge,1
5102,L,Vert,1
5103,X,Rouge,1
5104,X,Rouge,1
5105,X,Rouge,1
5106,L,Vert,1
5107,X,Vert,1
5108,X,Rouge,1
5109,X,Rouge,1
5110,L,Rouge,1
5111,L,Vert,1
5112,L,Rouge,1
5113,L,Rouge,1
5114,X,Rouge,1
5115,X,Vert,1
5116,L,Vert,1
5117,X,Vert,1
5118,X,Vert,1
5119,L,Rouge,1
5120,L,Rouge,1
5121,L,Rouge,1
5122,X,Rouge,1
5123,X,Rouge,1
5124,L,Rouge,1
5125,L,Vert,1
5126,X,Rouge,1
5127,L,Vert,1
5128,L,Rouge,1
5129,X,Rouge,1
5130,L,Vert,1
5131,X,Rouge,1
5132,L,Rouge,1
5133,X,Rouge,1
5134,L,Vert,1
5135,X,Rouge,1
5136,X,Vert,1
5137,L,Rouge,1
5138,L,Vert,1
5139,L,Rouge,1
5140,X,Rouge,1
5141,X,Rouge,1
5142,L,Rouge,1
5143,X,Rouge,1
5144,L,Rouge,1
5145,L,Vert,1
5146,X,Rouge,1
5147,X,Rouge,1
5148,X,Vert,1
5149,L,Vert,1
5150,X,Rouge,1
5151,X,Vert,1
5152,L,Rouge,1
5153,X,Rouge,1
5154,L,Vert,1
5155,L,Rouge,1
5156,X,Rouge,1
5157,L,Vert,1
5158,L,Vert,1
5159,L,Vert,1
5160,X,Vert,1
5161,X,Vert,1
5162,X,Vert,1
5163,X,Vert,1
5164,X,Rouge,1
5165,L,Rouge,1
5166,X,Vert,1
5167,L,Rouge,1
5168,L,Vert,1
5169,X,Rouge,1
5170,X,Vert,1
5171,L,Rouge,1
5172,L,Rouge,1
5173,L,Vert,1
5174,X,Rouge,1
5175,L,Vert,1
5176,L,Vert,1
5177,X,Vert,1
5178,X,Rouge,1
5179,L,Vert,1
5180,X,Rouge,1
5181,L,Rouge,1
5182,L,Rouge,1
5183,X,Rouge,1
5184,L,Rouge,1
5185,X,Rouge,1
5186,L,Rouge,1
5187,L,Rouge,1
5188,X,Vert,1
5189,L,Rouge,1
5190,X,Rouge,1
5191,L,Rouge,1
5192,L,Rouge,1
5193,X,Vert,1
5194,X,Vert,1
5195,X,Vert,1
5196,X,Vert,1
5197,L,Vert,1
5198,L,Vert,1
5199,X,Rouge,1
5200,L,Rouge,1
5201,L,Vert,1
5202,X,Vert,1
5203,X,Vert,1
5204,X,Rouge,1
5205,X,Rouge,1
5206,L,Vert,1
5207,L,Rouge,1
5208,X,Rouge,1
5209,X,Rouge,1
5210,X,Rouge,1
5211,X,Rouge,1
5212,L,Rouge,1
5213,X,Vert,1
5214,X,Vert,1
5215,L,Vert,1
5216,X,Vert,1
5217,L,Vert,1
5218,L,Vert,1
5219,L,Vert,1
5220,L,Vert,1
5221,L,Vert,1
5222,X,Rouge,1
5223,L,Vert,1
5224,X,Rouge,1
5225,L,Rouge,1
5226,L,Rouge,1
5227,X,Rouge,1
5228,L,Rouge,1
5229,X,Rouge,1
5230,X,Vert,1
5231,X,Vert,1
5232,L,Vert,1
5233,L,Vert,1
5234,L,Rouge,1
5235,L,Vert,1
5236,X,Rouge,1
5237,L,Rouge,1
5238,X,Rouge,1
5239,X,Rouge,1
5240,L,Rouge,1
5241,X,Rouge,1
5242,X,Rouge,1
5243,X,Vert,1
5244,L,Vert,1
5245,L,Vert,1
5246,X,Rouge,1
5247,L,Vert,1
5248,L,Rouge,1
5249,X,Vert,1
5250,L,Vert,1
5251,X,Rouge,1
5252,L,Vert,1
5253,X,Rouge,1
5254,X,Vert,1
5255,L,Rouge,1
5256,X,Rouge,1
5257,L,Rouge,1
5258,L,Vert,1
5259,L,Vert,1
5260,L,Rouge,1
5261,L,Rouge,1
5262,L,Rouge,1
5263,X,Vert,1
5264,L,Rouge,1
5265,X,Rouge,1
5266,X,Vert,1
5267,X,Rouge,1
5268,L,Vert,1
5269,X,Vert,1
5270,L,Vert,1
5271,X,Rouge,1
5272,X,Vert,1
5273,L,Rouge,1
5274,L,Vert,1
5275,X,Rouge,1
5276,L,Rouge,1
5277,L,Vert,1
5278,X,Rouge,1
5279,L,Vert,1
5280,X,Rouge,1
5281,X,Vert,1
5282,X,Rouge,1
5283,L,Vert,1
5284,L,Vert,1
5285,L,Rouge,1
5286,L,Vert,1
5287,X,Rouge,1
5288,L,Vert,1
5289,X,Rouge,1
5290,L,Rouge,1
5291,L,Rouge,1
5292,L,Vert,1
5293,X,Rouge,1
5294,X,Vert,1
5295,L,Vert,1
5296,X,Vert,1
5297,X,Rouge,1
5298,L,Rouge,1
5299,X,Vert,1
5300,X,Rouge,1
5301,X,Vert,1
5302,L,Rouge,1
5303,X,Rouge,1
5304,X,Rouge,1
5305,L,Vert,1
5306,X,Vert,1
5307,L,Rouge,1
5308,X,Rouge,1
5309,L,Vert,1
5310,X,Vert,1
5311,L,Rouge,1
5312,X,Rouge,1
5313,X,Rouge,1
5314,X,Vert,1
5315,X,Rouge,1
5316,X,Vert,1
5317,L,Rouge,1
5318,X,Rouge,1
5319,L,Rouge,1
5320,L,Vert,1
5321,X,Rouge,1
5322,X,Vert,1
5323,L,Vert,1
5324,L,Rouge,1
5325,X,Vert,1
5326,L,Vert,1
5327,X,Rouge,1
5328,L,Rouge,1
5329,X,Vert,1
5330,X,Vert,1
5331,X,Vert,1
5332,L,Rouge,1
5333,L,Rouge,1
5334,L,Vert,1
5335,L,Rouge,1
5336,L,Vert,1
5337,X,Vert,1
5338,L,Vert,1
5339,L,Vert,1
5340,L,Vert,1
5341,L,Rouge,1
5342,X,Rouge,1
5343,L,Rouge,1
5344,X,Rouge,1
5345,L,Vert,1
5346,X,Vert,1
5347,L,Rouge,1
5348,L,Vert,1
5349,L,Vert,1
5350,X,Rouge,1
5351,L,Vert,1
5352,L,Vert,1
5353,L,Rouge,1
5354,L,Rouge,1
5355,X,Vert,1
5356,L,Rouge,1
5357,L,Vert,1
5358,L,Rouge,1
5359,X,Rouge,1
5360,X,Rouge,1
5361,X,Rouge,1
5362,L,Vert,1
5363,X,Vert,1
5364,L,Rouge,1
5365,L,Rouge,1
5366,X,Rouge,1
5367,X,Rouge,1
5368,X,Vert,1
5369,X,Vert,1
5370,X,Vert,1
5371,X,Rouge,1
5372,X,Vert,1
5373,X,Rouge,1
5374,L,Vert,1
5375,X,Vert,1
5376,L,Vert,1
